ts,uid,sa,sp,da,dp,pr,stos,td,orig_bytes,resp_bytes,conn_state,local_orig,local_resp,missed_bytes,history,pkt,byt,resp_pkts,resp_ip_bytes,tunnel_parents,label,detailed-label,te,teDelta,teT,teS
1540469197.400159,CnaDAG3n5r8eiG4su2,192.168.1.132,1900,239.255.255.250,1900,udp,-,160.367579,7536,0,S0,-,-,0,D,24,8208,0,0,-,benign,-,2018-10-25 12:06:37.400158976,0.0,12,43597
1540469198.477548,CkHQfG3B034MyvP3W,192.168.1.132,37653,104.155.18.91,443,tcp,-,78840.329305,25624,22995,OTH,-,-,0,AaDd,3291,157263,2667,129675,-,benign,-,2018-10-25 12:06:38.477547776,1.0773890018463135,12,43598
1540469302.53864,CGm6jB4dXK71ZDWUDh,192.168.1.132,58687,216.239.35.4,123,udp,-,0.114184,48,48,SF,-,-,0,Dd,1,76,1,76,-,benign,-,2018-10-25 12:08:22.538640128,104.0610921382904,12,43702
1540469385.734089,CUrxU238nt0m6yTgKf,192.168.1.132,32893,216.239.35.8,123,udp,-,0.016986,48,48,SF,-,-,0,Dd,1,76,1,76,-,benign,-,2018-10-25 12:09:45.734088960,83.19544887542725,12,43785
1540469418.379528,CAvXOZ3htimWEtglii,192.168.1.132,1900,239.255.255.250,1900,udp,-,384.518261,15072,0,S0,-,-,0,D,48,16416,0,0,-,benign,-,2018-10-25 12:10:18.379527936,32.64543914794922,12,43818
1540469831.265405,CUo9DH2QDnCaBIGjkg,192.168.1.132,52801,192.168.1.1,53,udp,dns,0.036724,34,311,SF,-,-,0,Dd,1,62,1,339,-,benign,-,2018-10-25 12:17:11.265404928,412.8858768939972,12,44231
1540469831.302625,CGQf8t1kjdxB5PHXL4,192.168.1.132,53395,2.16.60.82,443,tcp,-,0.003497,0,0,SF,-,-,0,ShAFf,5,212,3,144,-,benign,-,2018-10-25 12:17:11.302625024,0.037220001220703125,12,44231
1540469863.253209,CP01y62UX7tbTa1x39,192.168.1.132,1900,239.255.255.250,1900,udp,-,1633.044330,60288,0,S0,-,-,0,D,192,65664,0,0,-,benign,-,2018-10-25 12:17:43.253209088,31.950584173202515,12,44263
1540470081.850824,CfJsUD2NGQvnK2p7Vd,192.168.1.132,58124,216.239.35.12,123,udp,-,0.270332,48,48,SF,-,-,0,Dd,1,76,1,76,-,benign,-,2018-10-25 12:21:21.850824192,218.59761500358582,12,44481
1540470187.222098,CVwKZS98dRvk1jeH2,192.168.1.132,35313,216.239.35.0,123,udp,-,0.111429,48,48,SF,-,-,0,Dd,1,76,1,76,-,benign,-,2018-10-25 12:23:07.222098176,105.3712739944458,12,44587
1540470355.430009,CzbHG4aoHRooWvyMg,192.168.1.132,46064,216.239.35.4,123,udp,-,0.114433,48,48,SF,-,-,0,Dd,1,76,1,76,-,benign,-,2018-10-25 12:25:55.430008832,168.2079107761383,12,44755
1540470419.608808,CbTB0B2ZnnDWLAIml3,192.168.1.132,45230,216.239.35.8,123,udp,-,0.016984,48,48,SF,-,-,0,Dd,1,76,1,76,-,benign,-,2018-10-25 12:26:59.608807936,64.17879915237427,12,44819
1540470731.305747,C2Lv0t2TFb4oOybzrh,192.168.1.132,48230,192.168.1.1,53,udp,dns,0.040227,34,311,SF,-,-,0,Dd,1,62,1,339,-,benign,-,2018-10-25 12:32:11.305746944,311.69693899154663,12,45131
1540470731.346472,CKT1nF2pKxpwesvEtj,192.168.1.132,53396,2.16.60.82,443,tcp,-,0.003497,0,0,SF,-,-,0,ShAFf,4,172,2,92,-,benign,-,2018-10-25 12:32:11.346471936,0.040724992752075195,12,45131
1540471110.727073,CaBoMhYTG8hXEYKUl,192.168.1.132,49002,216.239.35.12,123,udp,-,0.270346,48,48,SF,-,-,0,Dd,1,76,1,76,-,benign,-,2018-10-25 12:38:30.727073024,379.38060092926025,12,45510
1540471275.097352,CNKSzj2AzuaCQBuSsj,192.168.1.132,46411,216.239.35.0,123,udp,-,0.109684,48,48,SF,-,-,0,Dd,1,76,1,76,-,benign,-,2018-10-25 12:41:15.097351936,164.3702790737152,12,45675
1540471418.303992,CQeo6C4faCIKjIhMM3,192.168.1.132,49057,216.239.35.4,123,udp,-,0.114426,48,48,SF,-,-,0,Dd,1,76,1,76,-,benign,-,2018-10-25 12:43:38.303992064,143.2066400051117,12,45818
1540471494.493815,CDoMg14pwYZ0Rylhf1,192.168.1.132,42282,216.239.35.8,123,udp,-,0.016980,48,48,SF,-,-,0,Dd,1,76,1,76,-,benign,-,2018-10-25 12:44:54.493815040,76.18982291221619,12,45894
1540471557.061917,CAb9Gv4xgifq99dLkc,192.168.1.132,1900,239.255.255.250,1900,udp,-,766.048560,28260,0,S0,-,-,0,D,90,30780,0,0,-,benign,-,2018-10-25 12:45:57.061917184,62.56810212135315,12,45957
1540471631.350066,C1NlJjzoaDWwde1ak,192.168.1.132,34110,192.168.1.1,53,udp,dns,0.183145,34,311,SF,-,-,0,Dd,1,62,1,339,-,benign,-,2018-10-25 12:47:11.350065920,74.28814888000488,12,46031
1540471631.533708,CAkyqq4QzwUJQDuxnc,192.168.1.132,56406,2.16.60.139,443,tcp,-,0.003498,0,0,SF,-,-,0,ShAFf,4,172,2,92,-,benign,-,2018-10-25 12:47:11.533708032,0.18364214897155762,12,46031
1540472191.611346,Cv5jrH2pHRn5GLjwy2,192.168.1.132,52937,216.239.35.12,123,udp,-,0.272344,48,48,SF,-,-,0,Dd,1,76,1,76,-,benign,-,2018-10-25 12:56:31.611345920,560.0776379108429,12,46591
1540472314.983162,Ce0eby5SunbIYssC6,192.168.1.132,53418,216.239.35.0,123,udp,-,0.109436,48,48,SF,-,-,0,Dd,1,76,1,76,-,benign,-,2018-10-25 12:58:34.983161856,123.3718159198761,12,46714
1540472384.714259,CYBsqO1jX0dBXEeQUi,192.168.1.132,1900,239.255.255.250,1900,udp,-,50.851218,3768,0,S0,-,-,0,D,12,4104,0,0,-,benign,-,2018-10-25 12:59:44.714258944,69.73109698295593,12,46784
1540472494.191783,CAOq8i3svbVXkWbZD3,192.168.1.132,60468,216.239.35.4,123,udp,-,0.114417,48,48,SF,-,-,0,Dd,1,76,1,76,-,benign,-,2018-10-25 13:01:34.191782912,109.47752404212952,13,46894
1540472502.078251,CZa3qT1YOqrDnum2ud,192.168.1.132,1900,239.255.255.250,1900,udp,-,50.868027,3768,0,S0,-,-,0,D,12,4104,0,0,-,benign,-,2018-10-25 13:01:42.078251008,7.886467933654785,13,46902
1540472524.797195,CROWuH3A0maFhUNqHl,192.168.1.132,40730,192.168.1.1,53,udp,dns,0.050455,37,179,SF,-,-,0,Dd,1,65,1,207,-,benign,-,2018-10-25 13:02:04.797195008,22.71894407272339,13,46924
1540472524.848149,CpMGWx1WZnjO78jNT2,192.168.1.132,50152,192.168.1.1,53,udp,dns,0.003998,37,442,SF,-,-,0,Dd,1,65,1,470,-,benign,-,2018-10-25 13:02:04.848148992,0.05095410346984863,13,46924
1540472524.852647,C0wssT3JKSiAqhCZw,192.168.1.132,56806,52.209.221.67,80,tcp,http,0.088446,1847,1539,SF,-,-,0,ShADadtfF,7,2139,7,1823,-,benign,-,2018-10-25 13:02:04.852647168,0.004498004913330078,13,46924
1540472524.942095,C6MXM823vAYEWDE1wi,192.168.1.132,42585,192.168.1.1,53,udp,dns,0.000499,37,100,SF,-,-,0,Dd,1,65,1,128,-,benign,-,2018-10-25 13:02:04.942095104,0.0894479751586914,13,46924
1540472524.943343,C52U38ISU4nIzZmwd,192.168.1.132,49327,192.168.1.1,53,udp,dns,0.000500,37,132,SF,-,-,0,Dd,1,65,1,160,-,benign,-,2018-10-25 13:02:04.943342848,0.0012478828430175781,13,46924
1540472524.944342,CZAnC51NxxuVdfhg28,192.168.1.132,60404,52.215.95.120,80,tcp,http,0.109187,1847,791,SF,-,-,0,ShADadfF,6,2099,6,1035,-,benign,-,2018-10-25 13:02:04.944342016,0.0009989738464355469,13,46924
1540472531.535825,CTtK543h1wuw8BOjx,192.168.1.132,41945,192.168.1.1,53,udp,dns,0.046210,34,297,SF,-,-,0,Dd,1,62,1,325,-,benign,-,2018-10-25 13:02:11.535824896,6.591483116149902,13,46931
1540472531.58253,C29JTF1UOZjbQoRx3,192.168.1.132,53406,2.16.60.82,443,tcp,-,0.003499,0,0,SF,-,-,0,ShAFaf,4,172,3,132,-,benign,-,2018-10-25 13:02:11.582530048,0.046705007553100586,13,46931
1540472539.348081,C3yNIb4bmZB9PGimj8,192.168.1.132,47872,216.239.35.8,123,udp,-,0.017238,48,48,SF,-,-,0,Dd,1,76,1,76,-,benign,-,2018-10-25 13:02:19.348081152,7.7655510902404785,13,46939
1540472614.499427,C025uM1dmPB9pqTkP9,192.168.1.132,1900,239.255.255.250,1900,udp,-,1480.810378,52752,0,S0,-,-,0,D,168,57456,0,0,-,benign,-,2018-10-25 13:03:34.499427072,75.15134596824646,13,47014
1540473275.464119,C505sa1jNFFexpP6a3,192.168.1.132,40117,216.239.35.12,123,udp,-,0.269349,48,48,SF,-,-,0,Dd,1,76,1,76,-,benign,-,2018-10-25 13:14:35.464119040,660.9646918773651,13,47675
1540473431.583954,Cv2jEb1aOYScmCnL5g,192.168.1.132,44519,192.168.1.1,53,udp,dns,0.036214,34,311,SF,-,-,0,Dd,1,62,1,339,-,benign,-,2018-10-25 13:17:11.583954176,156.11983513832092,13,47831
1540473431.620666,Cx8IgN3iIIlwEhtIg3,192.168.1.132,56414,2.16.60.139,443,tcp,-,0.003495,0,0,SF,-,-,0,ShAFf,5,212,3,144,-,benign,-,2018-10-25 13:17:11.620666112,0.036711931228637695,13,47831
1540474155.445242,CTIWJf3d4syOW81YAb,192.168.1.132,1900,239.255.255.250,1900,udp,-,1032.879228,37680,0,S0,-,-,0,D,120,41040,0,0,-,benign,-,2018-10-25 13:29:15.445241856,723.8245759010315,13,48555
1540474331.623219,CRpfqB3kixgb3iGKY2,192.168.1.132,35624,192.168.1.1,53,udp,dns,0.200137,34,297,SF,-,-,0,Dd,1,62,1,325,-,benign,-,2018-10-25 13:32:11.623218944,176.17797708511353,13,48731
1540474331.823843,CaUj5SqM6MzuzRMn2,192.168.1.132,53408,2.16.60.82,443,tcp,-,0.003496,0,0,SF,-,-,0,ShAFf,4,172,2,92,-,benign,-,2018-10-25 13:32:11.823843072,0.2006239891052246,13,48731
1540474466.832336,C1SR67La2smGPXQgl,192.168.1.132,37547,216.239.35.0,123,udp,-,0.109694,48,48,SF,-,-,0,Dd,1,76,1,76,-,benign,-,2018-10-25 13:34:26.832335872,135.00849294662476,13,48866
1540474595.043308,C9rfg3DPGazGisG8f,192.168.1.132,42661,216.239.35.4,123,udp,-,0.116179,48,48,SF,-,-,0,Dd,1,76,1,76,-,benign,-,2018-10-25 13:36:35.043308032,128.21097207069397,13,48995
1540474660.224139,C4ZMI03YRLJpGsS1Gk,192.168.1.132,58337,216.239.35.8,123,udp,-,0.016732,48,48,SF,-,-,0,Dd,1,76,1,76,-,benign,-,2018-10-25 13:37:40.224139008,65.18083095550537,13,49060
1540475231.829978,CaL5Zl1IYbzg8TOvN1,192.168.1.132,37762,192.168.1.1,53,udp,dns,0.119679,34,297,SF,-,-,0,Dd,1,62,1,325,-,benign,-,2018-10-25 13:47:11.829978112,571.6058390140533,13,49631
1540475231.950154,CB0DUp1dWFoiXeHlk6,192.168.1.132,53409,2.16.60.82,443,tcp,-,3.000292,0,0,SF,-,-,0,ShAFf,6,276,2,92,-,benign,-,2018-10-25 13:47:11.950153984,0.12017607688903809,13,49631
1540475249.018951,Chp7Wb6fF9MF6uU2k,192.168.1.132,1900,239.255.255.250,1900,udp,-,50.830580,3768,0,S0,-,-,0,D,12,4104,0,0,-,benign,-,2018-10-25 13:47:29.018950912,17.06879687309265,13,49649
1540475357.340566,CG5S7F4VEBuoeB9Xs9,192.168.1.132,60830,216.239.35.12,123,udp,-,0.270102,48,48,SF,-,-,0,Dd,1,76,1,76,-,benign,-,2018-10-25 13:49:17.340566016,108.32161498069763,13,49757
1540475359.960583,Cnb06s1Znjnung2qr1,192.168.1.132,1900,239.255.255.250,1900,udp,-,322.370929,13188,0,S0,-,-,0,D,42,14364,0,0,-,benign,-,2018-10-25 13:49:19.960582912,2.6200170516967773,13,49759
1540475744.953356,CmSPZM1VeGjyWUKnSc,192.168.1.132,1900,239.255.255.250,1900,udp,-,1643.646987,58404,0,S0,-,-,0,D,186,63612,0,0,-,benign,-,2018-10-25 13:55:44.953356032,384.9927730560303,13,50144
1540476124.798177,Cgy2EYobRk1smi0hl,192.168.1.132,44113,192.168.1.1,53,udp,dns,0.180398,37,179,SF,-,-,0,Dd,1,65,1,207,-,benign,-,2018-10-25 14:02:04.798177024,379.8448209762573,14,50524
1540476124.979321,CybtIqpihamUF9ei8,192.168.1.132,55180,192.168.1.1,53,udp,dns,0.003752,37,442,SF,-,-,0,Dd,1,65,1,470,-,benign,-,2018-10-25 14:02:04.979321088,0.18114399909973145,14,50524
1540476124.983569,C9jU4h471UjRdSSze7,192.168.1.132,56812,52.209.221.67,80,tcp,http,0.089448,1847,1539,SF,-,-,0,ShADadtfF,7,2151,7,1831,-,benign,-,2018-10-25 14:02:04.983568896,0.004247903823852539,14,50524
1540476125.073768,C8WJCQ1wdWmWNRp7V2,192.168.1.132,52508,192.168.1.1,53,udp,dns,0.000499,37,100,SF,-,-,0,Dd,1,65,1,128,-,benign,-,2018-10-25 14:02:05.073767936,0.09019899368286133,14,50525
1540476125.074767,Ce9nf72uGYrBAnGtGh,192.168.1.132,57276,192.168.1.1,53,udp,dns,0.000750,37,132,SF,-,-,0,Dd,1,65,1,160,-,benign,-,2018-10-25 14:02:05.074767104,0.0009992122650146484,14,50525
1540476125.075766,CajqPf45nI4XZfNi5g,192.168.1.132,60410,52.215.95.120,80,tcp,http,0.114934,1847,791,SF,-,-,0,ShADadfF,6,2099,6,1035,-,benign,-,2018-10-25 14:02:05.075766016,0.0009989738464355469,14,50525
1540476134.950397,CI6HqI2pPt4MYd9lj,192.168.1.132,50702,192.168.1.1,53,udp,dns,0.061961,34,311,SF,-,-,0,Dd,1,62,1,339,-,benign,-,2018-10-25 14:02:14.950396928,9.87463092803955,14,50534
1540476135.012856,CtywZo2EMLbcogHDwk,192.168.1.132,53412,2.16.60.82,443,tcp,-,0.003496,0,0,SF,-,-,0,ShAFf,4,172,2,92,-,benign,-,2018-10-25 14:02:15.012856064,0.06245899200439453,14,50535
1540476614.709889,C1ozz8kKX3LS4aswk,192.168.1.132,58852,216.239.35.0,123,udp,-,0.109678,48,48,SF,-,-,0,Dd,1,76,1,76,-,benign,-,2018-10-25 14:10:14.709889024,479.6970329284668,14,51014
1540476757.919723,C8fHZ41GZZozesCiqj,192.168.1.132,48147,216.239.35.4,123,udp,-,0.114433,48,48,SF,-,-,0,Dd,1,76,1,76,-,benign,-,2018-10-25 14:12:37.919723008,143.20983409881592,14,51157
1540476804.080158,CqdhaF5xvBFSNGHk1,192.168.1.132,45244,216.239.35.8,123,udp,-,0.016723,48,48,SF,-,-,0,Dd,1,76,1,76,-,benign,-,2018-10-25 14:13:24.080157952,46.16043496131897,14,51204
1540477035.015706,C2KkwA4bb6Zm15LMAi,192.168.1.132,52447,192.168.1.1,53,udp,dns,0.042224,34,297,SF,-,-,0,Dd,1,62,1,325,-,benign,-,2018-10-25 14:17:15.015706112,230.9355480670929,14,51435
1540477035.058426,Cs1K323K1jOQi2kUT9,192.168.1.132,56420,2.16.60.139,443,tcp,-,0.003248,0,0,SF,-,-,0,ShAFf,4,172,2,92,-,benign,-,2018-10-25 14:17:15.058425856,0.04271984100341797,14,51435
1540477474.197539,CqoVrQ2jIdhoxyJ3vi,192.168.1.132,33243,216.239.35.12,123,udp,-,0.269861,48,48,SF,-,-,0,Dd,1,76,1,76,-,benign,-,2018-10-25 14:24:34.197539072,439.1391131877899,14,51874
1540477502.39921,Cln7FX3jEFbLoh5V76,192.168.1.132,1900,239.255.255.250,1900,udp,-,109.999279,5652,0,S0,-,-,0,D,18,6156,0,0,-,benign,-,2018-10-25 14:25:02.399209984,28.20167088508606,14,51902
1540477674.054085,ClZeN63S7LbgEs2ZNk,192.168.1.132,1900,239.255.255.250,1900,udp,-,70334.105742,2550936,0,S0,-,-,0,D,8124,2778408,0,0,-,benign,-,2018-10-25 14:27:54.054085120,171.65487504005432,14,52074
1540477935.060518,CaJTGK251IMHxhAlL5,192.168.1.132,46059,192.168.1.1,53,udp,dns,0.034980,34,297,SF,-,-,0,Dd,1,62,1,325,-,benign,-,2018-10-25 14:32:15.060518144,261.0064330101013,14,52335
1540477935.096245,CquRBf3qPSLrfDZME5,192.168.1.132,56602,2.16.60.139,443,tcp,-,0.003497,0,0,SF,-,-,0,ShAFf,5,212,3,144,-,benign,-,2018-10-25 14:32:15.096244992,0.03572702407836914,14,52335
1540478671.568043,C7JXdX2wP6TZ9dU1L6,192.168.1.132,45914,216.239.35.0,123,udp,-,0.109194,48,48,SF,-,-,0,Dd,1,76,1,76,-,benign,-,2018-10-25 14:44:31.568043008,736.4717979431152,14,53071
1540478835.098119,Ct5dAw3Xi2Hdys9A96,192.168.1.132,52404,192.168.1.1,53,udp,dns,0.107433,34,297,SF,-,-,0,Dd,1,62,1,325,-,benign,-,2018-10-25 14:47:15.098118912,163.5300760269165,14,53235
1540478835.206048,Cb6hEU29Q51Uh5o4b,192.168.1.132,53596,2.16.60.82,443,tcp,-,0.003498,0,0,SF,-,-,0,ShAFf,4,172,2,92,-,benign,-,2018-10-25 14:47:15.206048000,0.10792899131774902,14,53235
1540478897.777652,CrS9pI2Df9e3pVlaH,192.168.1.132,52156,216.239.35.8,123,udp,-,0.016983,48,48,SF,-,-,0,Dd,1,76,1,76,-,benign,-,2018-10-25 14:48:17.777651968,62.57160401344299,14,53297
1540478909.806048,CMvpwu3AlLojqV6xC6,192.168.1.132,47693,216.239.35.4,123,udp,-,0.114429,48,48,SF,-,-,0,Dd,1,76,1,76,-,benign,-,2018-10-25 14:48:29.806048000,12.028395891189575,14,53309
1540479532.01968,CB7ALp4YViqgQDMZI3,192.168.1.132,46724,216.239.35.12,123,udp,-,0.269841,48,48,SF,-,-,0,Dd,1,76,1,76,-,benign,-,2018-10-25 14:58:52.019680000,622.213632106781,14,53932
1540479724.795308,CwqJ5D3zVGg6IPW4Ne,192.168.1.132,57927,192.168.1.1,53,udp,dns,0.039463,37,179,SF,-,-,0,Dd,1,65,1,207,-,benign,-,2018-10-25 15:02:04.795308032,192.77562808990479,15,54124
1540479724.835267,C6PJkt3yXlV49l8yrf,192.168.1.132,43483,192.168.1.1,53,udp,dns,0.004250,37,442,SF,-,-,0,Dd,1,65,1,470,-,benign,-,2018-10-25 15:02:04.835267072,0.039958953857421875,15,54124
1540479724.840014,Cx7C0rBT2nl5Kjzw8,192.168.1.132,60596,52.215.95.120,80,tcp,http,0.093946,1847,1539,SF,-,-,0,ShADadtfF,7,2151,7,1831,-,benign,-,2018-10-25 15:02:04.840014080,0.004746913909912109,15,54124
1540479724.934961,CJvZrS2myol5OtCqt,192.168.1.132,47067,192.168.1.1,53,udp,dns,0.000499,37,100,SF,-,-,0,Dd,1,65,1,128,-,benign,-,2018-10-25 15:02:04.934961152,0.09494709968566895,15,54124
1540479724.935959,C1UiiY12fggmaaXaJ4,192.168.1.132,51670,192.168.1.1,53,udp,dns,0.000500,37,132,SF,-,-,0,Dd,1,65,1,160,-,benign,-,2018-10-25 15:02:04.935959040,0.0009980201721191406,15,54124
1540479724.93696,CGTOJt2xNQkobSwysb,192.168.1.132,57000,52.209.221.67,80,tcp,http,0.126426,1847,791,SF,-,-,0,ShADadfF,6,2099,6,1035,-,benign,-,2018-10-25 15:02:04.936960000,0.0010008811950683594,15,54124
1540479735.208374,Cj88eQ2LLHagBCKrxh,192.168.1.132,59133,192.168.1.1,53,udp,dns,0.046721,34,297,SF,-,-,0,Dd,1,62,1,325,-,benign,-,2018-10-25 15:02:15.208374016,10.271414041519165,15,54135
1540479735.255579,CCX7ye2aClx8tifQvl,192.168.1.132,53599,2.16.60.82,443,tcp,-,0.003250,0,0,SF,-,-,0,ShAFaf,4,172,3,132,-,benign,-,2018-10-25 15:02:15.255578880,0.04720497131347656,15,54135
1540480635.257336,CU8GGT1Vu2qt0wFT7g,192.168.1.132,50151,192.168.1.1,53,udp,dns,0.051225,34,297,SF,-,-,0,Dd,1,62,1,325,-,benign,-,2018-10-25 15:17:15.257335808,900.0017569065094,15,55035
1540480635.309043,Cs4qk62UTBa3GY4gwl,192.168.1.132,56607,2.16.60.139,443,tcp,-,0.003745,0,0,SF,-,-,0,ShAFaf,4,172,3,132,-,benign,-,2018-10-25 15:17:15.309042944,0.05170702934265137,15,55035
1540480739.387242,CKqaWQ15Z1dHj0zB83,192.168.1.132,54251,216.239.35.0,123,udp,-,0.109680,48,48,SF,-,-,0,Dd,1,76,1,76,-,benign,-,2018-10-25 15:18:59.387241984,104.0781991481781,15,55139
1540480974.59744,CNlitm1jg4l6KNuTik,192.168.1.132,37639,216.239.35.8,123,udp,-,0.016990,48,48,SF,-,-,0,Dd,1,76,1,76,-,benign,-,2018-10-25 15:22:54.597440000,235.21019792556763,15,55374
1540481064.704348,C171Dq4TLzzeKADiDg,192.168.1.132,54182,216.239.35.4,123,udp,-,0.114424,48,48,SF,-,-,0,Dd,1,76,1,76,-,benign,-,2018-10-25 15:24:24.704348160,90.10690808296204,15,55464
1540481535.310853,CT0eAm3Xg44YRX9sH,192.168.1.132,38186,192.168.1.1,53,udp,dns,0.040470,34,297,SF,-,-,0,Dd,1,62,1,325,-,benign,-,2018-10-25 15:32:15.310853120,470.6065049171448,15,55935
1540481535.351819,CPzhwSyOPMNESW6d3,192.168.1.132,53601,2.16.60.82,443,tcp,-,0.003247,0,0,SF,-,-,0,ShAFf,5,212,3,144,-,benign,-,2018-10-25 15:32:15.351819008,0.040966033935546875,15,55935
1540481638.915048,ClBXJo3oiO0YR0tWAj,192.168.1.132,41893,216.239.35.12,123,udp,-,0.272601,48,48,SF,-,-,0,Dd,1,76,1,76,-,benign,-,2018-10-25 15:33:58.915047936,103.56322884559631,15,56038
1540482435.354029,CH2TLa13mJl9yC5SNe,192.168.1.132,41753,192.168.1.1,53,udp,dns,0.196634,34,297,SF,-,-,0,Dd,1,62,1,325,-,benign,-,2018-10-25 15:47:15.354029056,796.4389810562134,15,56835
1540482435.551159,CbVqMk2OM7jVeueEE5,192.168.1.132,53602,2.16.60.82,443,tcp,-,0.003501,0,0,SF,-,-,0,ShAFaf,4,172,3,132,-,benign,-,2018-10-25 15:47:15.551158784,0.1971299648284912,15,56835
1540482803.287863,Cq4mKCnC3Lf9tGgJe,192.168.1.132,41445,216.239.35.0,123,udp,-,0.109685,48,48,SF,-,-,0,Dd,1,76,1,76,-,benign,-,2018-10-25 15:53:23.287863040,367.73670411109924,15,57203
1540483123.497131,CqJFee3vA7vjnERW99,192.168.1.132,36649,216.239.35.8,123,udp,-,0.016989,48,48,SF,-,-,0,Dd,1,76,1,76,-,benign,-,2018-10-25 15:58:43.497131008,320.20926809310913,15,57523
1540483150.54047,CecO7k9WA7LfLfqvg,192.168.1.132,53816,216.239.35.4,123,udp,-,0.114182,48,48,SF,-,-,0,Dd,1,76,1,76,-,benign,-,2018-10-25 15:59:10.540469760,27.043338775634766,15,57550
1540483324.79241,Ci3Bs7hzpaHFrCNNg,192.168.1.132,43664,192.168.1.1,53,udp,dns,0.200631,37,179,SF,-,-,0,Dd,1,65,1,207,-,benign,-,2018-10-25 16:02:04.792409856,174.25194001197815,16,57724
1540483324.993536,CATNYt2MrpvQjeSp56,192.168.1.132,56163,192.168.1.1,53,udp,dns,0.004000,37,442,SF,-,-,0,Dd,1,65,1,470,-,benign,-,2018-10-25 16:02:04.993536000,0.2011260986328125,16,57724
1540483324.998282,CVCoG14pyysFPa2kQi,192.168.1.132,60602,52.215.95.120,80,tcp,http,0.094447,1847,1539,SF,-,-,0,ShADadtfF,7,2139,7,1823,-,benign,-,2018-10-25 16:02:04.998281984,0.004745960235595703,16,57724
1540483325.093728,C151Up1xUqLv8B0Hbb,192.168.1.132,37627,192.168.1.1,53,udp,dns,0.000500,37,100,SF,-,-,0,Dd,1,65,1,128,-,benign,-,2018-10-25 16:02:05.093728000,0.09544610977172852,16,57725
1540483325.094727,CWQP8Y2iiMWt523Gdb,192.168.1.132,33707,192.168.1.1,53,udp,dns,0.000750,37,132,SF,-,-,0,Dd,1,65,1,160,-,benign,-,2018-10-25 16:02:05.094726912,0.0009989738464355469,16,57725
1540483325.095726,CdV7FS1hOxkGuHkTbc,192.168.1.132,57006,52.209.221.67,80,tcp,http,0.113685,1847,791,SF,-,-,0,ShADadfF,6,2099,6,1043,-,benign,-,2018-10-25 16:02:05.095726080,0.0009989738464355469,16,57725
1540483326.813508,CNemLr3mI0LX4Fuim3,192.168.1.132,60441,192.168.1.1,53,udp,dns,0.197378,41,124,SF,-,-,0,Dd,1,69,1,152,-,benign,-,2018-10-25 16:02:06.813508096,1.7177820205688477,16,57726
1540483327.011386,CSiLuw4nkxF0s73csc,192.168.1.132,60787,130.211.67.12,80,tcp,http,0.210379,1595,177,SF,-,-,0,ShADadFf,8,1927,7,469,-,benign,-,2018-10-25 16:02:07.011385856,0.1978778839111328,16,57727
1540483335.554268,C7iIFeFqYItiy7AMh,192.168.1.132,47242,192.168.1.1,53,udp,dns,0.039479,34,297,SF,-,-,0,Dd,1,62,1,325,-,benign,-,2018-10-25 16:02:15.554267904,8.542881965637207,16,57735
1540483335.594244,CkLEmT1fURC8GHJ2ke,192.168.1.132,53606,2.16.60.82,443,tcp,-,0.003497,0,0,SF,-,-,0,ShAFf,4,172,2,92,-,benign,-,2018-10-25 16:02:15.594244096,0.03997611999511719,16,57735
1540483717.755425,C3gdCK101egCcEBl3b,192.168.1.132,53489,216.239.35.12,123,udp,-,0.272087,48,48,SF,-,-,0,Dd,1,76,1,76,-,benign,-,2018-10-25 16:08:37.755425024,382.161180973053,16,58117
1540484235.596728,CGbbxX37ZJ3wKecWQ6,192.168.1.132,42648,192.168.1.1,53,udp,dns,0.038729,34,297,SF,-,-,0,Dd,1,62,1,325,-,benign,-,2018-10-25 16:17:15.596728064,517.8413031101227,16,58635
1540484235.635954,C3xu7H3dfM6erO2dWg,192.168.1.132,53607,2.16.60.82,443,tcp,-,0.003497,0,0,SF,-,-,0,ShAFf,5,212,3,144,-,benign,-,2018-10-25 16:17:15.635953920,0.03922581672668457,16,58635
1540484958.127107,CgSR2z419FlNGaLdw4,192.168.1.132,50380,216.239.35.0,123,udp,-,0.109672,48,48,SF,-,-,0,Dd,1,76,1,76,-,benign,-,2018-10-25 16:29:18.127106816,722.4911530017853,16,59358
1540485135.637638,CzNTXM3U1imdcnKmJd,192.168.1.132,45769,192.168.1.1,53,udp,dns,0.104447,34,297,SF,-,-,0,Dd,1,62,1,325,-,benign,-,2018-10-25 16:32:15.637638144,177.5105311870575,16,59535
1540485135.742827,CPg9Qe2aCDKzySLPTb,192.168.1.132,53608,2.16.60.82,443,tcp,-,0.003496,0,0,SF,-,-,0,ShAFf,5,212,3,144,-,benign,-,2018-10-25 16:32:15.742827008,0.10518884658813477,16,59535
1540485255.336405,CESr2KLztxpxppQUj,192.168.1.132,45150,216.239.35.8,123,udp,-,0.016983,48,48,SF,-,-,0,Dd,1,76,1,76,-,benign,-,2018-10-25 16:34:15.336404992,119.59357810020447,16,59655
1540485292.390032,Cw1ZIN1i0desF1jJL5,192.168.1.132,51218,216.239.35.4,123,udp,-,0.116177,48,48,SF,-,-,0,Dd,1,76,1,76,-,benign,-,2018-10-25 16:34:52.390032128,37.053627014160156,16,59692
1540485837.604468,CbvTSQXNjKuylVQBc,192.168.1.132,35257,216.239.35.12,123,udp,-,0.270104,48,48,SF,-,-,0,Dd,1,76,1,76,-,benign,-,2018-10-25 16:43:57.604468224,545.2144360542297,16,60237
1540486035.746003,CM6UQ44dK8eiArSrN7,192.168.1.132,54613,192.168.1.1,53,udp,dns,0.107436,34,311,SF,-,-,0,Dd,1,62,1,339,-,benign,-,2018-10-25 16:47:15.746002944,198.14153480529785,16,60435
1540486035.853935,CTg5GP1RFoDc9qCMa6,192.168.1.132,53609,2.16.60.82,443,tcp,-,0.003248,0,0,SF,-,-,0,ShAFf,5,212,3,144,-,benign,-,2018-10-25 16:47:15.853935104,0.10793209075927734,16,60435
1540486924.791074,Cvaokoc1T25YZj28i,192.168.1.132,34147,192.168.1.1,53,udp,dns,0.055701,37,179,SF,-,-,0,Dd,1,65,1,207,-,benign,-,2018-10-25 17:02:04.791074048,888.9371390342712,17,61324
1540486924.84727,ChMH0e2fvN8cUweIX9,192.168.1.132,49089,192.168.1.1,53,udp,dns,0.004751,37,442,SF,-,-,0,Dd,1,65,1,470,-,benign,-,2018-10-25 17:02:04.847269888,0.056195974349975586,17,61324
1540486924.852768,CAZatg2a0heEfxcKb,192.168.1.132,57012,52.209.221.67,80,tcp,http,0.089197,1847,1539,SF,-,-,0,ShADadtfF,7,2151,7,1831,-,benign,-,2018-10-25 17:02:04.852768000,0.005497932434082031,17,61324
1540486924.942967,CvDnkN1kkQfHKzi8s4,192.168.1.132,53949,192.168.1.1,53,udp,dns,0.000498,37,100,SF,-,-,0,Dd,1,65,1,128,-,benign,-,2018-10-25 17:02:04.942967040,0.09019899368286133,17,61324
1540486924.943965,CEZ7x546yFc9rzEhe,192.168.1.132,35538,192.168.1.1,53,udp,dns,0.000500,37,132,SF,-,-,0,Dd,1,65,1,160,-,benign,-,2018-10-25 17:02:04.943964928,0.0009980201721191406,17,61324
1540486924.944965,CXhlOUOXoJ7S8zmf3,192.168.1.132,60610,52.215.95.120,80,tcp,http,0.109936,1847,791,SF,-,-,0,ShADadfF,6,2099,6,1043,-,benign,-,2018-10-25 17:02:04.944964864,0.0009999275207519531,17,61324
1540486935.857266,Cv9J6UW3Zde0Tx5oj,192.168.1.132,51998,192.168.1.1,53,udp,dns,0.121426,34,297,SF,-,-,0,Dd,1,62,1,325,-,benign,-,2018-10-25 17:02:15.857265920,10.912301063537598,17,61335
1540486935.979179,CJooLB4mbw1ZjTlno4,192.168.1.132,56619,2.16.60.139,443,tcp,-,0.003497,0,0,SF,-,-,0,ShAFf,4,172,2,92,-,benign,-,2018-10-25 17:02:15.979179008,0.12191295623779297,17,61335
1540487125.974934,CbrrPu3Fxo0qv6g9Rb,192.168.1.132,33185,216.239.35.0,123,udp,-,0.109928,48,48,SF,-,-,0,Dd,1,76,1,76,-,benign,-,2018-10-25 17:05:25.974934016,189.99575519561768,17,61525
1540487336.184154,CPNbNp2gKV9loYbdS,192.168.1.132,35056,216.239.35.8,123,udp,-,0.016972,48,48,SF,-,-,0,Dd,1,76,1,76,-,benign,-,2018-10-25 17:08:56.184154112,210.20921993255615,17,61736
1540487463.301452,Ch8wqd4nHOjfUQlK35,192.168.1.132,39474,216.239.35.4,123,udp,-,0.114174,48,48,SF,-,-,0,Dd,1,76,1,76,-,benign,-,2018-10-25 17:11:03.301452032,127.11729788780212,17,61863
1540487835.982788,CyY73x2rHmtpzjkgRe,192.168.1.132,41437,192.168.1.1,53,udp,dns,0.034488,34,297,SF,-,-,0,Dd,1,62,1,325,-,benign,-,2018-10-25 17:17:15.982788096,372.6813361644745,17,62235
1540487836.017758,CL13nO3UWBsaZjrmIf,192.168.1.132,56620,2.16.60.139,443,tcp,-,0.004245,0,0,SF,-,-,0,ShAFf,4,172,2,92,-,benign,-,2018-10-25 17:17:16.017757952,0.03496980667114258,17,62236
1540487907.515523,CGsXjp1bTQH2GJXZm,192.168.1.132,35296,216.239.35.12,123,udp,-,0.269845,48,48,SF,-,-,0,Dd,1,76,1,76,-,benign,-,2018-10-25 17:18:27.515523072,71.4977650642395,17,62307
1540488736.020914,COabwz2zNQqJyJT5Rj,192.168.1.132,54529,192.168.1.1,53,udp,dns,0.120428,34,297,SF,-,-,0,Dd,1,62,1,325,-,benign,-,2018-10-25 17:32:16.020914176,828.5053911209106,17,63136
1540488736.141826,CdPBh22yxj50qLVxea,192.168.1.132,53614,2.16.60.82,443,tcp,-,0.003497,0,0,SF,-,-,0,ShAFf,5,212,3,144,-,benign,-,2018-10-25 17:32:16.141825792,0.12091183662414551,17,63136
1540489209.887181,CERiia6NZwi9zpFb6,192.168.1.132,41959,216.239.35.0,123,udp,-,0.109433,48,48,SF,-,-,0,Dd,1,76,1,76,-,benign,-,2018-10-25 17:40:09.887181056,473.74535512924194,17,63609
1540489443.097729,CsIx2M3kgMHJdqycQe,192.168.1.132,47864,216.239.35.8,123,udp,-,0.016987,48,48,SF,-,-,0,Dd,1,76,1,76,-,benign,-,2018-10-25 17:44:03.097729024,233.21054792404175,17,63843
1540489596.215077,COp5my136JURdYPJ67,192.168.1.132,51766,216.239.35.4,123,udp,-,0.114680,48,48,SF,-,-,0,Dd,1,76,1,76,-,benign,-,2018-10-25 17:46:36.215076864,153.11734795570374,17,63996
1540489636.146094,CFCRdlgSVQoe116B9,192.168.1.132,42329,192.168.1.1,53,udp,dns,0.201136,34,297,SF,-,-,0,Dd,1,62,1,325,-,benign,-,2018-10-25 17:47:16.146094080,39.93101716041565,17,64036
1540489636.347724,C7jwUioCNPyLt3ZDh,192.168.1.132,53615,2.16.60.82,443,tcp,-,0.003496,0,0,SF,-,-,0,ShAFf,4,172,2,92,-,benign,-,2018-10-25 17:47:16.347724032,0.2016298770904541,17,64036
1540490044.429854,CtrCsa4POTtyZycUlg,192.168.1.132,36828,216.239.35.12,123,udp,-,0.269593,48,48,SF,-,-,0,Dd,1,76,1,76,-,benign,-,2018-10-25 17:54:04.429853952,408.08212995529175,17,64444
1540490524.793988,Ccg0Dq1BituP0Mc8p1,192.168.1.132,57901,192.168.1.1,53,udp,dns,0.104681,37,179,SF,-,-,0,Dd,1,65,1,207,-,benign,-,2018-10-25 18:02:04.793988096,480.36413407325745,18,64924
1540490524.899415,C1hPAj4B3gxSoZcZAf,192.168.1.132,48314,192.168.1.1,53,udp,dns,0.004001,37,442,SF,-,-,0,Dd,1,65,1,470,-,benign,-,2018-10-25 18:02:04.899415040,0.10542702674865723,18,64924
1540490524.903913,C7a0fo4aeQEAcR6ELg,192.168.1.132,57018,52.209.221.67,80,tcp,http,0.088448,1847,1539,SF,-,-,0,ShADadtfF,7,2151,7,1831,-,benign,-,2018-10-25 18:02:04.903912960,0.004498004913330078,18,64924
1540490524.993612,C2OhoL3ohg094dUg84,192.168.1.132,53697,192.168.1.1,53,udp,dns,0.000499,37,100,SF,-,-,0,Dd,1,65,1,128,-,benign,-,2018-10-25 18:02:04.993612032,0.08969902992248535,18,64924
1540490524.994611,CzNN9B3s4yN48s6WQ9,192.168.1.132,39510,192.168.1.1,53,udp,dns,0.000500,37,132,SF,-,-,0,Dd,1,65,1,160,-,benign,-,2018-10-25 18:02:04.994610944,0.0009989738464355469,18,64924
1540490524.995609,CHQW2S1g0RRUqhlf1e,192.168.1.132,60616,52.215.95.120,80,tcp,http,0.117684,1847,791,SF,-,-,0,ShADadfF,6,2099,6,1035,-,benign,-,2018-10-25 18:02:04.995609088,0.0009980201721191406,18,64924
1540490536.350648,CpKVzJ3HcLpDnibefi,192.168.1.132,45663,192.168.1.1,53,udp,dns,0.107187,34,297,SF,-,-,0,Dd,1,62,1,325,-,benign,-,2018-10-25 18:02:16.350647808,11.35503888130188,18,64936
1540490536.458332,CxVm4N1PbGn0oQmOCe,192.168.1.132,56625,2.16.60.139,443,tcp,-,0.003497,0,0,SF,-,-,0,ShAFf,4,172,2,92,-,benign,-,2018-10-25 18:02:16.458332160,0.10768413543701172,18,64936
1540491382.794088,CbBRSA38Lg82lIoH61,192.168.1.132,58235,216.239.35.0,123,udp,-,0.111674,48,48,SF,-,-,0,Dd,1,76,1,76,-,benign,-,2018-10-25 18:16:22.794087936,846.3357558250427,18,65782
1540491436.460685,CpT6pa41CehhfUWQL,192.168.1.132,50794,192.168.1.1,53,udp,dns,0.036223,34,297,SF,-,-,0,Dd,1,62,1,325,-,benign,-,2018-10-25 18:17:16.460685056,53.66659712791443,18,65836
1540491436.497405,C01r7XD1pGjqxMXv7,192.168.1.132,56626,2.16.60.139,443,tcp,-,0.003499,0,0,SF,-,-,0,ShAFf,5,212,3,144,-,benign,-,2018-10-25 18:17:16.497404928,0.03672003746032715,18,65836
1540491498.006042,C0rbZf11OXwLj4JRyb,192.168.1.132,38244,216.239.35.8,123,udp,-,0.016984,48,48,SF,-,-,0,Dd,1,76,1,76,-,benign,-,2018-10-25 18:18:18.006042112,61.50863695144653,18,65898
1540491670.122798,CSwgVt1dqVze1DaRW5,192.168.1.132,44717,216.239.35.4,123,udp,-,0.114192,48,48,SF,-,-,0,Dd,1,76,1,76,-,benign,-,2018-10-25 18:21:10.122798080,172.11675596237183,18,66070
1540492115.335041,Ck4YJ43NRAwLCAANha,192.168.1.132,34847,216.239.35.12,123,udp,-,0.270346,48,48,SF,-,-,0,Dd,1,76,1,76,-,benign,-,2018-10-25 18:28:35.335041024,445.21224308013916,18,66515
1540492336.50013,CAnb8Q2ItaI9ME5aug,192.168.1.132,53880,192.168.1.1,53,udp,dns,0.106937,34,297,SF,-,-,0,Dd,1,62,1,325,-,benign,-,2018-10-25 18:32:16.500130048,221.16508889198303,18,66736
1540492336.607562,CBpp572MJBNktVasdj,192.168.1.132,56627,2.16.60.139,443,tcp,-,0.003748,0,0,SF,-,-,0,ShAFf,4,172,2,92,-,benign,-,2018-10-25 18:32:16.607561984,0.10743212699890137,18,66736
1540493236.610852,Cbsgks8N9wwpIBkVl,192.168.1.132,41079,192.168.1.1,53,udp,dns,0.195890,34,297,SF,-,-,0,Dd,1,62,1,325,-,benign,-,2018-10-25 18:47:16.610852096,900.003289937973,18,67636
1540493236.807231,CbIOyt28u3GAtpNKDa,192.168.1.132,56628,2.16.60.139,443,tcp,-,0.003747,0,0,SF,-,-,0,ShAFf,4,172,2,92,-,benign,-,2018-10-25 18:47:16.807230976,0.1963789463043213,18,67636
1540494124.793403,CA00aD3nUtVufsN6t2,192.168.1.132,50618,192.168.1.1,53,udp,dns,0.123928,37,179,SF,-,-,0,Dd,1,65,1,207,-,benign,-,2018-10-25 19:02:04.793402880,887.9861719608307,19,68524
1540494124.917818,CKVnM93xVCeeiYRdtf,192.168.1.132,36405,192.168.1.1,53,udp,dns,0.004001,37,442,SF,-,-,0,Dd,1,65,1,470,-,benign,-,2018-10-25 19:02:04.917818112,0.12441515922546387,19,68524
1540494124.922315,CCzkuS2hJQ2TDX3I98,192.168.1.132,57024,52.209.221.67,80,tcp,http,0.089698,1847,1539,SF,-,-,0,ShADadtfF,7,2139,7,1823,-,benign,-,2018-10-25 19:02:04.922315008,0.00449681282043457,19,68524
1540494125.013015,CXCPyS344OpJEioD7e,192.168.1.132,41441,192.168.1.1,53,udp,dns,0.000498,37,100,SF,-,-,0,Dd,1,65,1,128,-,benign,-,2018-10-25 19:02:05.013015040,0.09070014953613281,19,68525
1540494125.014013,CCukMi3OFHDo0HDz54,192.168.1.132,53363,192.168.1.1,53,udp,dns,0.000500,37,132,SF,-,-,0,Dd,1,65,1,160,-,benign,-,2018-10-25 19:02:05.014012928,0.0009980201721191406,19,68525
1540494125.015012,C1aDm42J0BOHj0bs5h,192.168.1.132,60622,52.215.95.120,80,tcp,http,0.110187,1847,791,SF,-,-,0,ShADafdtF,7,2151,6,1043,-,benign,-,2018-10-25 19:02:05.015012096,0.0009989738464355469,19,68525
1540494136.809802,C5OtqJ1lyDaZzV3x2k,192.168.1.132,51795,192.168.1.1,53,udp,dns,0.202885,34,297,SF,-,-,0,Dd,1,62,1,325,-,benign,-,2018-10-25 19:02:16.809801984,11.794790029525757,19,68536
1540494137.013174,C8rQlWYJfwp4Un1v5,192.168.1.132,53624,2.16.60.82,443,tcp,-,0.003502,0,0,SF,-,-,0,ShAFaf,4,172,3,132,-,benign,-,2018-10-25 19:02:17.013174016,0.20337200164794922,19,68537
1540495037.016265,CrlMS91o2NDZeFUHh6,192.168.1.132,55342,192.168.1.1,53,udp,dns,0.049207,34,297,SF,-,-,0,Dd,1,62,1,325,-,benign,-,2018-10-25 19:17:17.016264960,900.0030908584595,19,69437
1540495037.065967,C7Xwkt2nphv9FsBitc,192.168.1.132,53625,2.16.60.82,443,tcp,-,0.003248,0,0,SF,-,-,0,ShAFf,4,172,2,92,-,benign,-,2018-10-25 19:17:17.065967104,0.04970216751098633,19,69437
1540495592.708382,CYoJHf4WPs9xD5UXU9,192.168.1.132,55750,216.239.35.0,123,udp,-,0.109190,48,48,SF,-,-,0,Dd,1,76,1,76,-,benign,-,2018-10-25 19:26:32.708381952,555.6424148082733,19,69992
1540495731.916034,Cf2q3R28et2kiDbo96,192.168.1.132,58381,216.239.35.8,123,udp,-,0.017487,48,48,SF,-,-,0,Dd,1,76,1,76,-,benign,-,2018-10-25 19:28:51.916034048,139.20765209197998,19,70131
1540495928.034032,CIn10p3kA9eE2rJ8p4,192.168.1.132,38620,216.239.35.4,123,udp,-,0.114179,48,48,SF,-,-,0,Dd,1,76,1,76,-,benign,-,2018-10-25 19:32:08.034032128,196.11799812316895,19,70328
1540495937.068377,CG9z8640T2qmbsGu71,192.168.1.132,54946,192.168.1.1,53,udp,dns,0.117194,34,297,SF,-,-,0,Dd,1,62,1,325,-,benign,-,2018-10-25 19:32:17.068377088,9.034344911575317,19,70337
1540495937.186049,Cbcupy3wc2cxkaHQJk,192.168.1.132,53626,2.16.60.82,443,tcp,-,0.003497,0,0,SF,-,-,0,ShAFf,5,212,3,144,-,benign,-,2018-10-25 19:32:17.186049024,0.11767196655273438,19,70337
1540496407.247167,CfYgBy2cwgDYIpx4Ql,192.168.1.132,42028,216.239.35.12,123,udp,-,0.269345,48,48,SF,-,-,0,Dd,1,76,1,76,-,benign,-,2018-10-25 19:40:07.247167232,470.0611181259155,19,70807
1540496837.188614,CnvdL13TIcOojSWwfc,192.168.1.132,51254,192.168.1.1,53,udp,dns,0.055462,34,297,SF,-,-,0,Dd,1,62,1,325,-,benign,-,2018-10-25 19:47:17.188613888,429.94144678115845,19,71237
1540496837.244573,CDt4Qz1kPwifIh2bCl,192.168.1.132,56634,2.16.60.139,443,tcp,-,0.003246,0,0,SF,-,-,0,ShAFf,4,172,2,92,-,benign,-,2018-10-25 19:47:17.244573184,0.055959224700927734,19,71237
1540497701.944687,ConecaEMF5PhSgMI,192.168.1.132,68,192.168.1.1,67,udp,dhcp,0.000994,300,300,SF,-,-,0,Dd,1,328,1,328,-,benign,-,2018-10-25 20:01:41.944686848,864.700113773346,20,72101
1540497724.795178,C98iFt1VjbbEQeO1Ca,192.168.1.132,58803,192.168.1.1,53,udp,dns,0.071206,37,179,SF,-,-,0,Dd,1,65,1,207,-,benign,-,2018-10-25 20:02:04.795177984,22.850491046905518,20,72124
1540497724.866881,CXrRnr3E16NjCZujRi,192.168.1.132,57214,192.168.1.1,53,udp,dns,0.003751,37,442,SF,-,-,0,Dd,1,65,1,470,-,benign,-,2018-10-25 20:02:04.866880768,0.07170295715332031,20,72124
1540497724.871129,CG5VXMR4xMjAr5ual,192.168.1.132,60627,52.215.95.120,80,tcp,http,0.093956,1847,1539,SF,-,-,1539,ShADacfgF,7,2139,5,204,-,benign,-,2018-10-25 20:02:04.871129088,0.004248142242431641,20,72124
1540497724.966075,C0eNVZhuoomxaiwTh,192.168.1.132,46909,192.168.1.1,53,udp,dns,0.000499,37,100,SF,-,-,0,Dd,1,65,1,128,-,benign,-,2018-10-25 20:02:04.966074880,0.09494590759277344,20,72124
1540497724.967074,CO7VDx26UILVaD09Ia,192.168.1.132,40893,192.168.1.1,53,udp,dns,0.000749,37,132,SF,-,-,0,Dd,1,65,1,160,-,benign,-,2018-10-25 20:02:04.967073792,0.0009989738464355469,20,72124
1540497724.968073,Cfx22u2YL8jtUqIFAa,192.168.1.132,57031,52.209.221.67,80,tcp,http,0.114934,1847,791,SF,-,-,0,ShADadfF,6,2099,6,1035,-,benign,-,2018-10-25 20:02:04.968072960,0.0009989738464355469,20,72124
1540497737.248344,CK0Vz61kKI90RCtZ44,192.168.1.132,53167,192.168.1.1,53,udp,dns,0.130919,34,311,SF,-,-,0,Dd,1,62,1,339,-,benign,-,2018-10-25 20:02:17.248344064,12.280271053314209,20,72137
1540497737.379759,CNuAbv4lQw04mxqo3g,192.168.1.132,56637,2.16.60.139,443,tcp,-,0.003497,0,0,SF,-,-,0,ShAFf,5,212,3,144,-,benign,-,2018-10-25 20:02:17.379759104,0.13141512870788574,20,72137
1540498637.383261,CLIf5W1TULZqO5H1u1,192.168.1.132,56283,192.168.1.1,53,udp,dns,0.042223,34,311,SF,-,-,0,Dd,1,62,1,339,-,benign,-,2018-10-25 20:17:17.383260928,900.0035018920898,20,73037
1540498637.42598,Cn4oI31r8Zi0ldvrd1,192.168.1.132,53631,2.16.60.82,443,tcp,-,0.003497,0,0,SF,-,-,0,ShAFf,4,172,2,92,-,benign,-,2018-10-25 20:17:17.425980160,0.042719125747680664,20,73037
1540499537.428722,CeO83opsIRRWFl9gh,192.168.1.132,44611,192.168.1.1,53,udp,dns,0.055463,34,311,SF,-,-,0,Dd,1,62,1,339,-,benign,-,2018-10-25 20:32:17.428721920,900.0027418136597,20,73937
1540499537.484682,C1WzDv3WrzCPLqp9l,192.168.1.132,56639,2.16.60.139,443,tcp,-,0.003496,0,0,SF,-,-,0,ShAFf,5,212,3,144,-,benign,-,2018-10-25 20:32:17.484681984,0.05596017837524414,20,73937
1540499775.616933,CQhTtC2FdbNHngF8qg,192.168.1.132,42834,216.239.35.0,123,udp,-,0.109427,48,48,SF,-,-,0,Dd,1,76,1,76,-,benign,-,2018-10-25 20:36:15.616933120,238.13225102424622,20,74175
1540499962.824698,CZ2qdOBiVMb7NiwEk,192.168.1.132,33678,216.239.35.8,123,udp,-,0.016990,48,48,SF,-,-,0,Dd,1,76,1,76,-,benign,-,2018-10-25 20:39:22.824697856,187.2077648639679,20,74362
1540500244.936926,CKpTj31B1E9DXZm6ya,192.168.1.132,54989,216.239.35.4,123,udp,-,0.114186,48,48,SF,-,-,0,Dd,1,76,1,76,-,benign,-,2018-10-25 20:44:04.936925952,282.11222791671753,20,74644
1540500437.487425,Cm4JPdgrPT9jjXqXa,192.168.1.132,47854,192.168.1.1,53,udp,dns,0.105937,34,311,SF,-,-,0,Dd,1,62,1,339,-,benign,-,2018-10-25 20:47:17.487425024,192.55049920082092,20,74837
1540500437.593858,CP466V3XjgmsBHzxs5,192.168.1.132,56640,2.16.60.139,443,tcp,-,0.003497,0,0,SF,-,-,0,ShAFf,5,212,3,144,-,benign,-,2018-10-25 20:47:17.593858048,0.10643291473388672,20,74837
1540500740.151208,CNpz3hl07JCUcp8A8,192.168.1.132,47662,216.239.35.12,123,udp,-,0.270089,48,48,SF,-,-,0,Dd,1,76,1,76,-,benign,-,2018-10-25 20:52:20.151207936,302.5573499202728,20,75140
1540501324.794306,CrF7nG4YrvXTLvGcB5,192.168.1.132,56514,192.168.1.1,53,udp,dns,0.205372,37,179,SF,-,-,0,Dd,1,65,1,207,-,benign,-,2018-10-25 21:02:04.794306048,584.643098115921,21,75724
1540501325.000416,COXcAo1fgiDBb73kJ3,192.168.1.132,60357,192.168.1.1,53,udp,dns,0.004001,37,442,SF,-,-,0,Dd,1,65,1,470,-,benign,-,2018-10-25 21:02:05.000416000,0.20611000061035156,21,75725
1540501325.004914,CVcdav2p9LU9ziPEAh,192.168.1.132,57036,52.209.221.67,80,tcp,http,0.093195,1847,1539,SF,-,-,0,ShADadtfF,7,2139,7,1823,-,benign,-,2018-10-25 21:02:05.004913920,0.004498004913330078,21,75725
1540501325.09911,CyCYIy3eKNFnGR1Gq3,192.168.1.132,56564,192.168.1.1,53,udp,dns,0.000499,37,100,SF,-,-,0,Dd,1,65,1,128,-,benign,-,2018-10-25 21:02:05.099109888,0.09419584274291992,21,75725
1540501325.100108,C634Ia4VbZNN4fSMm8,192.168.1.132,36648,192.168.1.1,53,udp,dns,0.000501,37,132,SF,-,-,0,Dd,1,65,1,160,-,benign,-,2018-10-25 21:02:05.100108032,0.0009980201721191406,21,75725
1540501325.101113,C37aa4k8gxiLE1Un5,192.168.1.132,60634,52.215.95.120,80,tcp,http,0.109432,1847,791,SF,-,-,0,ShADadfF,6,2099,6,1035,-,benign,-,2018-10-25 21:02:05.101113088,0.0010051727294921875,21,75725
1540501337.595476,Cffi2vVsBq2yE1IQg,192.168.1.132,54450,192.168.1.1,53,udp,dns,0.197895,34,297,SF,-,-,0,Dd,1,62,1,325,-,benign,-,2018-10-25 21:02:17.595475968,12.494362831115723,21,75737
1540501337.79385,CQjGcd1YRdbQlaHK9g,192.168.1.132,53636,2.16.60.82,443,tcp,-,0.003496,0,0,SF,-,-,0,ShAFf,4,172,2,92,-,benign,-,2018-10-25 21:02:17.793849856,0.19837403297424316,21,75737
1540502237.795608,Cy3wo82CUVGEhPPM37,192.168.1.132,59920,192.168.1.1,53,udp,dns,0.058969,34,311,SF,-,-,0,Dd,1,62,1,339,-,benign,-,2018-10-25 21:17:17.795608064,900.0017580986023,21,76637
1540502237.855061,Cg3BKk3x3MJI7ALvlj,192.168.1.132,53637,2.16.60.82,443,tcp,-,0.003248,0,0,SF,-,-,0,ShAFf,4,172,2,92,-,benign,-,2018-10-25 21:17:17.855060992,0.05945301055908203,21,76637
1540503137.857636,CplBko2bWDek6uksii,192.168.1.132,40574,192.168.1.1,53,udp,dns,0.191390,34,297,SF,-,-,0,Dd,1,62,1,325,-,benign,-,2018-10-25 21:32:17.857636096,900.0025749206543,21,77537
1540503138.049506,CB7Lz42c6upevBWUs4,192.168.1.132,53638,2.16.60.82,443,tcp,-,0.003497,0,0,SF,-,-,0,ShAFf,5,212,3,144,-,benign,-,2018-10-25 21:32:18.049506048,0.19186997413635254,21,77538
1540504038.054265,CZxZMN1oRs6eWMcK14,192.168.1.132,39569,192.168.1.1,53,udp,dns,0.105690,34,297,SF,-,-,0,Dd,1,62,1,325,-,benign,-,2018-10-25 21:47:18.054265088,900.0047590732574,21,78438
1540504038.160202,CPjp2h1nGt9TUcuNJ5,192.168.1.132,53639,2.16.60.82,443,tcp,-,0.003497,0,0,SF,-,-,0,ShAFf,5,212,3,144,-,benign,-,2018-10-25 21:47:18.160201984,0.10593700408935547,21,78438
1540504082.520712,C7zxtObNnUDaD0tbe,192.168.1.132,52089,216.239.35.0,123,udp,-,0.109438,48,48,SF,-,-,0,Dd,1,76,1,76,-,benign,-,2018-10-25 21:48:02.520711936,44.36050987243652,21,78482
1540504178.724448,Crehw62PqXqIpjZew9,192.168.1.132,35116,216.239.35.8,123,udp,-,0.016967,48,48,SF,-,-,0,Dd,1,76,1,76,-,benign,-,2018-10-25 21:49:38.724448000,96.20373606681824,21,78578
1540504492.83879,CPRpKm2rt7kCZxHfq9,192.168.1.132,49306,216.239.35.4,123,udp,-,0.114172,48,48,SF,-,-,0,Dd,1,76,1,76,-,benign,-,2018-10-25 21:54:52.838789888,314.1143419742584,21,78892
1540504901.054732,Cfrac130p65vCsyCia,192.168.1.132,46638,216.239.35.12,123,udp,-,0.269842,48,48,SF,-,-,0,Dd,1,76,1,76,-,benign,-,2018-10-25 22:01:41.054732032,408.2159421443939,22,79301
1540504924.794704,CDMc0W0GJpkYJqLIb,192.168.1.132,44540,192.168.1.1,53,udp,dns,0.207130,37,179,SF,-,-,0,Dd,1,65,1,207,-,benign,-,2018-10-25 22:02:04.794703872,23.73997187614441,22,79324
1540504925.00233,Cqq8pt30uEv9eqIDe4,192.168.1.132,59261,192.168.1.1,53,udp,dns,0.003750,37,442,SF,-,-,0,Dd,1,65,1,470,-,benign,-,2018-10-25 22:02:05.002330112,0.2076261043548584,22,79325
1540504925.006577,CtHBi12fX8jwrgNUij,192.168.1.132,57042,52.209.221.67,80,tcp,http,0.088947,1847,1539,SF,-,-,0,ShADadtfF,7,2139,7,1823,-,benign,-,2018-10-25 22:02:05.006576896,0.004246950149536133,22,79325
1540504925.096525,CAZOn54GdW0Prb0xX3,192.168.1.132,47007,192.168.1.1,53,udp,dns,0.000499,37,100,SF,-,-,0,Dd,1,65,1,128,-,benign,-,2018-10-25 22:02:05.096525056,0.08994793891906738,22,79325
1540504925.097524,CA3Rty4f7GnLQpxhrj,192.168.1.132,60273,192.168.1.1,53,udp,dns,0.000501,37,132,SF,-,-,0,Dd,1,65,1,160,-,benign,-,2018-10-25 22:02:05.097523968,0.0009989738464355469,22,79325
1540504925.098524,CPMajE4RHvz2lDYShl,192.168.1.132,60640,52.215.95.120,80,tcp,http,0.105689,1847,791,SF,-,-,0,ShADadfF,6,2099,6,1035,-,benign,-,2018-10-25 22:02:05.098524160,0.0010001659393310547,22,79325
1540504938.163091,C5CppTptIv1qmX998,192.168.1.132,46299,192.168.1.1,53,udp,dns,0.197633,34,311,SF,-,-,0,Dd,1,62,1,339,-,benign,-,2018-10-25 22:02:18.163090944,13.064566850662231,22,79338
1540504938.361218,CvSaDNDmzrU8bPOu,192.168.1.132,53642,2.16.60.82,443,tcp,-,0.003498,0,0,SF,-,-,0,ShAFaf,4,172,3,132,-,benign,-,2018-10-25 22:02:18.361218048,0.19812703132629395,22,79338
1540505838.36442,CHvI2f3ubcESIAXVde,192.168.1.132,47555,192.168.1.1,53,udp,dns,0.125422,34,297,SF,-,-,0,Dd,1,62,1,325,-,benign,-,2018-10-25 22:17:18.364419840,900.0032019615173,22,80238
1540505838.490338,ChjgSB3e2swmkiL2Wj,192.168.1.132,56650,2.16.60.139,443,tcp,-,0.011244,0,0,SF,-,-,0,ShAFf,4,172,2,92,-,benign,-,2018-10-25 22:17:18.490338048,0.12591814994812012,22,80238
1540506738.497002,CgdzJd1JoDqpTjVV04,192.168.1.132,45191,192.168.1.1,53,udp,dns,0.047968,34,297,SF,-,-,0,Dd,1,62,1,325,-,benign,-,2018-10-25 22:32:18.497001984,900.0066637992859,22,81138
1540506738.545466,CGDpRf160VFfRsbK9e,192.168.1.132,53644,2.16.60.82,443,tcp,-,0.011493,0,0,SF,-,-,0,ShAFf,5,212,3,144,-,benign,-,2018-10-25 22:32:18.545465856,0.048464059829711914,22,81138
1540507638.549455,CiDPtDoLDOy0JzMCa,192.168.1.132,37403,192.168.1.1,53,udp,dns,0.202141,34,297,SF,-,-,0,Dd,1,62,1,325,-,benign,-,2018-10-25 22:47:18.549454848,900.003988981247,22,82038
1540507638.752086,CnAqup3ceSo525BWP6,192.168.1.132,56652,2.16.60.139,443,tcp,-,0.011492,0,0,SF,-,-,0,ShAFaf,4,172,3,132,-,benign,-,2018-10-25 22:47:18.752086016,0.20263099670410156,22,82038
1540508266.420664,C4SQjG2cUpPdXyWUk6,192.168.1.132,42652,216.239.35.0,123,udp,-,0.109682,48,48,SF,-,-,0,Dd,1,76,1,76,-,benign,-,2018-10-25 22:57:46.420664064,627.6685781478882,22,82666
1540508404.630657,CHGs5T3aTn6UPuTlrc,192.168.1.132,52600,216.239.35.8,123,udp,-,0.016987,48,48,SF,-,-,0,Dd,1,76,1,76,-,benign,-,2018-10-25 23:00:04.630657024,138.2099928855896,23,82804
1540508524.789975,C5W5gO2xRPGto6EX31,192.168.1.132,45544,192.168.1.1,53,udp,dns,0.132166,37,179,SF,-,-,0,Dd,1,65,1,207,-,benign,-,2018-10-25 23:02:04.789975040,120.15931797027588,23,82924
1540508524.922627,CTfK8118moAfx2Ziul,192.168.1.132,55030,192.168.1.1,53,udp,dns,0.007998,37,442,SF,-,-,0,Dd,1,65,1,470,-,benign,-,2018-10-25 23:02:04.922627072,0.13265204429626465,23,82924
1540508524.931122,C5mIg23XNIiyCvNQVl,192.168.1.132,60645,52.215.95.120,80,tcp,http,0.088698,1847,1539,SF,-,-,0,ShADadtfF,7,2151,7,1831,-,benign,-,2018-10-25 23:02:04.931122176,0.008495092391967773,23,82924
1540508525.020822,CvqL4j49km1ot7PGC5,192.168.1.132,54122,192.168.1.1,53,udp,dns,0.000499,37,100,SF,-,-,0,Dd,1,65,1,128,-,benign,-,2018-10-25 23:02:05.020822016,0.08969998359680176,23,82925
1540508525.021819,CQdWTe4lag8Y5AYrZg,192.168.1.132,51430,192.168.1.1,53,udp,dns,0.000750,37,132,SF,-,-,0,Dd,1,65,1,160,-,benign,-,2018-10-25 23:02:05.021819136,0.0009970664978027344,23,82925
1540508525.023069,CyrIq30SFEsG9d2jj,192.168.1.132,57049,52.209.221.67,80,tcp,http,0.113184,1847,791,SF,-,-,0,ShADadfF,6,2099,6,1035,-,benign,-,2018-10-25 23:02:05.023068928,0.0012497901916503906,23,82925
1540508538.756742,Ctlyu61dnmvmg4UIRb,192.168.1.132,34704,192.168.1.1,53,udp,dns,0.054950,34,297,SF,-,-,0,Dd,1,62,1,325,-,benign,-,2018-10-25 23:02:18.756741888,13.733673095703125,23,82938
1540508538.812188,CvRBv92hKVDNFP6FU3,192.168.1.132,56655,2.16.60.139,443,tcp,-,0.011745,0,0,SF,-,-,0,ShAFf,4,172,2,92,-,benign,-,2018-10-25 23:02:18.812187904,0.05544590950012207,23,82938
1540508810.747558,CpPoO33vnTHugF8Uzg,192.168.1.132,35755,216.239.35.4,123,udp,-,0.116676,48,48,SF,-,-,0,Dd,1,76,1,76,-,benign,-,2018-10-25 23:06:50.747558144,271.9353702068329,23,83210
1540509210.96016,CdQzwLNCbaPFoO32f,192.168.1.132,47364,216.239.35.12,123,udp,-,0.269354,48,48,SF,-,-,0,Dd,1,76,1,76,-,benign,-,2018-10-25 23:13:30.960160000,400.2126019001007,23,83610
1540509438.819134,CvagEl1SuGRIBFfHS6,192.168.1.132,50691,192.168.1.1,53,udp,dns,0.051709,34,281,SF,-,-,0,Dd,1,62,1,309,-,benign,-,2018-10-25 23:17:18.819133952,227.85897397994995,23,83838
1540509438.871339,CMII4j3n5MlqItut73,192.168.1.132,56656,2.16.60.139,443,tcp,-,0.011492,0,0,SF,-,-,0,ShAFf,5,212,3,144,-,benign,-,2018-10-25 23:17:18.871339008,0.05220508575439453,23,83838
1540510338.879057,CoJZUF1toE2n4CX0Ek,192.168.1.132,47021,192.168.1.1,53,udp,dns,0.201640,34,297,SF,-,-,0,Dd,1,62,1,325,-,benign,-,2018-10-25 23:32:18.879056896,900.0077178478241,23,84738
1540510339.081178,CTQAP3219nGxRTjF59,192.168.1.132,53650,2.16.60.82,443,tcp,-,0.011510,0,0,SF,-,-,0,ShAFf,4,172,2,92,-,benign,-,2018-10-25 23:32:19.081177856,0.20212101936340332,23,84739
1540511239.087956,Cx4uEB4T7eVk1wAy69,192.168.1.132,39168,192.168.1.1,53,udp,dns,0.049719,34,297,SF,-,-,0,Dd,1,62,1,325,-,benign,-,2018-10-25 23:47:19.087955968,900.0067780017853,23,85639
1540511239.13792,CucjdBf0HtCabLUTh,192.168.1.132,56658,2.16.60.139,443,tcp,-,0.011742,0,0,SF,-,-,0,ShAFf,5,212,3,144,-,benign,-,2018-10-25 23:47:19.137920000,0.049963951110839844,23,85639
1540512124.791464,C0DTvA2PxYUPAuTa7d,192.168.1.132,55939,192.168.1.1,53,udp,dns,0.200629,37,179,SF,-,-,0,Dd,1,65,1,207,-,benign,-,2018-10-26 00:02:04.791464192,885.6535441875458,0,124
1540512124.992842,CL5E7OkUXLiTD9al6,192.168.1.132,54662,192.168.1.1,53,udp,dns,0.007748,37,442,SF,-,-,0,Dd,1,65,1,470,-,benign,-,2018-10-26 00:02:04.992841984,0.20137786865234375,0,124
1540512125.001086,CPC6fV3iUxLyABUFUi,192.168.1.132,57054,52.209.221.67,80,tcp,http,0.088198,1847,1539,SF,-,-,0,ShADadtfF,7,2139,7,1823,-,benign,-,2018-10-26 00:02:05.001085952,0.008244037628173828,0,125
1540512125.090285,CKc0Oi2ecVfuMuILm2,192.168.1.132,57452,192.168.1.1,53,udp,dns,0.000500,37,100,SF,-,-,0,Dd,1,65,1,128,-,benign,-,2018-10-26 00:02:05.090285056,0.08919906616210938,0,125
1540512125.091534,CL23EKvqtOCPotlY,192.168.1.132,43735,192.168.1.1,53,udp,dns,0.000501,37,132,SF,-,-,0,Dd,1,65,1,160,-,benign,-,2018-10-26 00:02:05.091533824,0.0012488365173339844,0,125
1540512125.092534,C6kNSd4e8JSs6NKBN9,192.168.1.132,60652,52.215.95.120,80,tcp,http,0.111434,1847,791,SF,-,-,0,ShADadfF,6,2099,6,1035,-,benign,-,2018-10-26 00:02:05.092534016,0.0010001659393310547,0,125
1540512127.167618,CY1rT44jIZmsn7ucke,192.168.1.132,36769,192.168.1.1,53,udp,dns,0.130914,41,124,SF,-,-,0,Dd,1,69,1,152,-,benign,-,2018-10-26 00:02:07.167618048,2.0750839710235596,0,127
1540512127.299028,CZWSWi9nxd3GZds4i,192.168.1.132,60836,130.211.67.12,80,tcp,http,0.224122,1595,177,SF,-,-,0,ShADadfF,7,1887,7,469,-,benign,-,2018-10-26 00:02:07.299027968,0.1314098834991455,0,127
1540512139.147043,Cs8BwU3qarzjrYQn2d,192.168.1.132,35268,192.168.1.1,53,udp,dns,0.048223,34,297,SF,-,-,0,Dd,1,62,1,325,-,benign,-,2018-10-26 00:02:19.147043072,11.848015069961548,0,139
1540512139.195757,CDNSl01RsJnS5bOPc3,192.168.1.132,53655,2.16.60.82,443,tcp,-,0.011495,0,0,SF,-,-,0,ShAFf,5,212,3,144,-,benign,-,2018-10-26 00:02:19.195756800,0.04871392250061035,0,139
1540512550.333642,CQc2Z2DjpezYoolJl,192.168.1.132,41909,216.239.35.0,123,udp,-,0.109684,48,48,SF,-,-,0,Dd,1,76,1,76,-,benign,-,2018-10-26 00:09:10.333641984,411.13788509368896,0,550
1540512609.502185,CFm1Y828IVEMgmy25c,192.168.1.132,58364,216.239.35.8,123,udp,-,0.016739,48,48,SF,-,-,0,Dd,1,76,1,76,-,benign,-,2018-10-26 00:10:09.502185216,59.168543100357056,0,609
1540512955.615507,C2uQMR1CUbAofPoYQ6,192.168.1.132,34286,216.239.35.4,123,udp,-,0.114436,48,48,SF,-,-,0,Dd,1,76,1,76,-,benign,-,2018-10-26 00:15:55.615506944,346.11332178115845,0,955
1540513039.203388,Cgi7FZ2j8iEXSfyL8g,192.168.1.132,43517,192.168.1.1,53,udp,dns,0.052213,34,311,SF,-,-,0,Dd,1,62,1,339,-,benign,-,2018-10-26 00:17:19.203387904,83.58788108825684,0,1039
1540513039.256097,CVULm537oXUvXxiq19,192.168.1.132,56663,2.16.60.139,443,tcp,-,0.011243,0,0,SF,-,-,0,ShAFf,5,212,3,144,-,benign,-,2018-10-26 00:17:19.256097024,0.052709102630615234,0,1039
1540513561.830757,CqKACi1Jp3ZVSp8xr2,192.168.1.132,56890,216.239.35.12,123,udp,-,0.272081,48,48,SF,-,-,0,Dd,1,76,1,76,-,benign,-,2018-10-26 00:26:01.830756864,522.5746598243713,0,1561
1540513939.261554,CHn6DM2wyXbIMlM4Ig,192.168.1.132,52749,192.168.1.1,53,udp,dns,0.046466,34,297,SF,-,-,0,Dd,1,62,1,325,-,benign,-,2018-10-26 00:32:19.261553920,377.43079710006714,0,1939
1540513939.308267,CGkFIc4WyTKH5KyFs5,192.168.1.132,56664,2.16.60.139,443,tcp,-,0.011492,0,0,SF,-,-,0,ShAFf,5,212,3,144,-,benign,-,2018-10-26 00:32:19.308267008,0.04671311378479004,0,1939
1540514622.891375,CI1qp71cDmd0ZuaD4j,192.168.1.132,47284,192.168.1.1,53,udp,dns,0.000479,41,57,SF,-,-,0,Dd,1,69,1,85,-,benign,-,2018-10-26 00:43:42.891375104,683.5831079483032,0,2622
1540514622.892352,CsTyo528ZzJOdbD15k,192.168.1.132,60840,130.211.67.12,80,tcp,http,0.241862,9995,177,SF,-,-,0,ShADadfF,12,10487,12,669,-,benign,-,2018-10-26 00:43:42.892352000,0.0009770393371582031,0,2622
1540514839.31464,Cp9RbK3stbvmMmcaN2,192.168.1.132,39877,192.168.1.1,53,udp,dns,0.048468,34,311,SF,-,-,0,Dd,1,62,1,339,-,benign,-,2018-10-26 00:47:19.314640128,216.422287940979,0,2839
1540514839.363353,Cx3BL4tL9nrA4xZx,192.168.1.132,53659,2.16.60.82,443,tcp,-,0.011743,0,0,SF,-,-,0,ShAFf,5,212,3,144,-,benign,-,2018-10-26 00:47:19.363353088,0.048712968826293945,0,2839
1540515724.788672,CqUDIf2b9QSOs3S36e,192.168.1.132,46467,192.168.1.1,53,udp,dns,0.054699,37,179,SF,-,-,0,Dd,1,65,1,207,-,benign,-,2018-10-26 01:02:04.788672000,885.4253189563751,1,3724
1540515724.843866,Crz6nd30dvbokQi63f,192.168.1.132,49998,192.168.1.1,53,udp,dns,0.004000,37,442,SF,-,-,0,Dd,1,65,1,470,-,benign,-,2018-10-26 01:02:04.843866112,0.05519413948059082,1,3724
1540515724.848363,C5n2tP3bULpFkNfEH3,192.168.1.132,57062,52.209.221.67,80,tcp,http,0.093695,1847,1539,SF,-,-,0,ShADadtfF,7,2139,7,1823,-,benign,-,2018-10-26 01:02:04.848363008,0.00449681282043457,1,3724
1540515724.94306,CggUEofeedV8SxZ2j,192.168.1.132,41869,192.168.1.1,53,udp,dns,0.000499,37,100,SF,-,-,0,Dd,1,65,1,128,-,benign,-,2018-10-26 01:02:04.943059968,0.0946969985961914,1,3724
1540515724.944058,CVJ4nY3Slo8XwgiPFa,192.168.1.132,38817,192.168.1.1,53,udp,dns,0.000502,37,132,SF,-,-,0,Dd,1,65,1,160,-,benign,-,2018-10-26 01:02:04.944057856,0.0009980201721191406,1,3724
1540515724.945057,CtAgbP8GhitppIqfd,192.168.1.132,60660,52.215.95.120,80,tcp,http,0.112435,1847,791,SF,-,-,0,ShADadfF,6,2099,6,1043,-,benign,-,2018-10-26 01:02:04.945057024,0.0009989738464355469,1,3724
1540515739.368825,CuEBlB2uLDkJ7FQ7Ic,192.168.1.132,35128,192.168.1.1,53,udp,dns,0.114935,34,311,SF,-,-,0,Dd,1,62,1,339,-,benign,-,2018-10-26 01:02:19.368824832,14.423768043518066,1,3739
1540515739.484238,CMA5m94kTyKtcRcEoj,192.168.1.132,53662,2.16.60.82,443,tcp,-,0.011492,0,0,SF,-,-,0,ShAFf,4,172,2,92,-,benign,-,2018-10-26 01:02:19.484237824,0.11541295051574707,1,3739
1540516639.490416,CWBH7o4CvGq5S9jm3f,192.168.1.132,32812,192.168.1.1,53,udp,dns,0.145668,34,297,SF,-,-,0,Dd,1,62,1,325,-,benign,-,2018-10-26 01:17:19.490416128,900.0061781406403,1,4639
1540516639.636561,CTjJCp1twF2tOigPNh,192.168.1.132,56670,2.16.60.139,443,tcp,-,0.011742,0,0,SF,-,-,0,ShAFf,4,172,2,92,-,benign,-,2018-10-26 01:17:19.636560896,0.14614486694335938,1,4639
1540516854.198046,CrgNab4jC6S7ygUmx1,192.168.1.132,51087,216.239.35.8,123,udp,-,0.017238,48,48,SF,-,-,0,Dd,1,76,1,76,-,benign,-,2018-10-26 01:20:54.198045952,214.56148505210876,1,4854
1540516894.25568,CTXyvI252h7Q990Azi,192.168.1.132,60296,216.239.35.0,123,udp,-,0.109682,48,48,SF,-,-,0,Dd,1,76,1,76,-,benign,-,2018-10-26 01:21:34.255680000,40.057634115219116,1,4894
1540517160.465462,CewQ6QyUOyaIlHvUg,192.168.1.132,35370,216.239.35.4,123,udp,-,0.113933,48,48,SF,-,-,0,Dd,1,76,1,76,-,benign,-,2018-10-26 01:26:00.465462016,266.2097818851471,1,5160
1540517539.643701,Cv6egkNELJwFxPWCe,192.168.1.132,35145,192.168.1.1,53,udp,dns,0.047963,34,311,SF,-,-,0,Dd,1,62,1,339,-,benign,-,2018-10-26 01:32:19.643700992,379.17823910713196,1,5539
1540517539.692153,CpTCZf3Hwpwflj0Bo5,192.168.1.132,56671,2.16.60.139,443,tcp,-,0.011492,0,0,SF,-,-,0,ShAFf,4,172,2,92,-,benign,-,2018-10-26 01:32:19.692153088,0.048451900482177734,1,5539
1540517691.682822,CYdrFo1z6ifUjrMadh,192.168.1.132,40144,216.239.35.12,123,udp,-,0.269841,48,48,SF,-,-,0,Dd,1,76,1,76,-,benign,-,2018-10-26 01:34:51.682821888,151.9906690120697,1,5691
1540518439.701726,CUJ9T915hMDar3Iayh,192.168.1.132,60611,192.168.1.1,53,udp,dns,0.108678,34,297,SF,-,-,0,Dd,1,62,1,325,-,benign,-,2018-10-26 01:47:19.701725952,748.0189039707184,1,6439
1540518439.8109,CYHdME1HqX2lPDWb31,192.168.1.132,58542,2.21.172.138,443,tcp,-,0.012992,0,0,SF,-,-,0,ShAFf,4,172,2,92,-,benign,-,2018-10-26 01:47:19.810899968,0.10917401313781738,1,6439
1540519324.791648,CtY0ZJ21c49XqbYg36,192.168.1.132,38980,192.168.1.1,53,udp,dns,0.115680,37,179,SF,-,-,0,Dd,1,65,1,207,-,benign,-,2018-10-26 02:02:04.791648000,884.9807479381561,2,7324
1540519324.908075,Co0xcV3SYfelefkUo2,192.168.1.132,33729,192.168.1.1,53,udp,dns,0.004249,37,442,SF,-,-,0,Dd,1,65,1,470,-,benign,-,2018-10-26 02:02:04.908075008,0.11642718315124512,2,7324
1540519324.912822,C8HO1Whj0ObSEwagl,192.168.1.132,60665,52.215.95.120,80,tcp,http,0.092946,1847,1539,SF,-,-,0,ShADadtfF,7,2139,7,1823,-,benign,-,2018-10-26 02:02:04.912822016,0.004746913909912109,2,7324
1540519325.007018,Cla0qN30VOOhuUZKcf,192.168.1.132,50609,192.168.1.1,53,udp,dns,0.000500,37,100,SF,-,-,0,Dd,1,65,1,128,-,benign,-,2018-10-26 02:02:05.007017984,0.09419608116149902,2,7325
1540519325.008017,CJ8usB3rJe3RW61YH,192.168.1.132,34137,192.168.1.1,53,udp,dns,0.000502,37,132,SF,-,-,0,Dd,1,65,1,160,-,benign,-,2018-10-26 02:02:05.008017152,0.0009989738464355469,2,7325
1540519325.009016,C8k0ZJ3nN2F72zMFkk,192.168.1.132,57069,52.209.221.67,80,tcp,http,0.117683,1847,791,SF,-,-,0,ShADadfF,6,2099,6,1035,-,benign,-,2018-10-26 02:02:05.009016064,0.0009989738464355469,2,7325
1540519339.819843,CAsfrbcohbMpNNeNg,192.168.1.132,46841,192.168.1.1,53,udp,dns,0.057713,34,297,SF,-,-,0,Dd,1,62,1,325,-,benign,-,2018-10-26 02:02:19.819843072,14.810827016830444,2,7339
1540519339.878053,CxOa6847RJlDHPEL21,192.168.1.132,53668,2.16.60.82,443,tcp,-,0.011744,0,0,SF,-,-,0,ShAFf,4,172,2,92,-,benign,-,2018-10-26 02:02:19.878052864,0.058209896087646484,2,7339
1540520239.884582,CYazVamSUTGCJKRBg,192.168.1.132,37601,192.168.1.1,53,udp,dns,0.126168,34,297,SF,-,-,0,Dd,1,62,1,325,-,benign,-,2018-10-26 02:17:19.884582144,900.0065290927887,2,8239
1540520240.011247,CsLp3y17gQz4lgLsyh,192.168.1.132,53669,2.16.60.82,443,tcp,-,0.011743,0,0,SF,-,-,0,ShAFf,4,172,2,92,-,benign,-,2018-10-26 02:17:20.011246848,0.1266648769378662,2,8240
1540521060.055873,CsyJUo38C3C0oyVDHi,192.168.1.132,45407,216.239.35.8,123,udp,-,0.017221,48,48,SF,-,-,0,Dd,1,76,1,76,-,benign,-,2018-10-26 02:31:00.055873024,820.0446259975433,2,9060
1540521140.018046,C6dQqD3ub35A17kte7,192.168.1.132,60056,192.168.1.1,53,udp,dns,0.044467,34,297,SF,-,-,0,Dd,1,62,1,325,-,benign,-,2018-10-26 02:32:20.018045952,79.9621729850769,2,9140
1540521140.063011,CQ490Y13C5LIUSsv5b,192.168.1.132,56677,2.16.60.139,443,tcp,-,0.011493,0,0,SF,-,-,0,ShAFf,4,172,2,92,-,benign,-,2018-10-26 02:32:20.063010816,0.04496502876281738,2,9140
1540521156.170093,Cb745L10X52bbQmzEk,192.168.1.132,60966,216.239.35.0,123,udp,-,0.111429,48,48,SF,-,-,0,Dd,1,76,1,76,-,benign,-,2018-10-26 02:32:36.170093056,16.10708212852478,2,9156
1540521418.381455,CE9yvm2XhsHXKGXqVk,192.168.1.132,56544,216.239.35.4,123,udp,-,0.116180,48,48,SF,-,-,0,Dd,1,76,1,76,-,benign,-,2018-10-26 02:36:58.381454848,262.2113618850708,2,9418
1540522009.597792,CMNJ2y7ZCPvdQXMp4,192.168.1.132,55745,216.239.35.12,123,udp,-,0.270092,48,48,SF,-,-,0,Dd,1,76,1,76,-,benign,-,2018-10-26 02:46:49.597792000,591.2163369655609,2,10009
1540522040.070662,CAes5CPmtXEahpJ63,192.168.1.132,42913,192.168.1.1,53,udp,dns,0.051964,34,297,SF,-,-,0,Dd,1,62,1,325,-,benign,-,2018-10-26 02:47:20.070662144,30.472870111465454,2,10040
1540522040.123123,C0p9SH1Ypj2Li00ch1,192.168.1.132,56678,2.16.60.139,443,tcp,-,0.011492,0,0,SF,-,-,0,ShAFf,5,212,3,144,-,benign,-,2018-10-26 02:47:20.123122944,0.05246090888977051,2,10040
1540522924.791044,CmH8Jx22E27bJRQZX8,192.168.1.132,37003,192.168.1.1,53,udp,dns,0.056699,37,179,SF,-,-,0,Dd,1,65,1,207,-,benign,-,2018-10-26 03:02:04.791044096,884.6679210662842,3,10924
1540522924.848239,Cu5sdC3zirq7VRrm7f,192.168.1.132,36088,192.168.1.1,53,udp,dns,0.009247,37,442,SF,-,-,0,Dd,1,65,1,470,-,benign,-,2018-10-26 03:02:04.848238848,0.05719494819641113,3,10924
1540522924.857984,C4bjac2nU578UQgUE3,192.168.1.132,60671,52.215.95.120,80,tcp,http,0.088947,1847,1539,SF,-,-,1539,ShADacfgF,7,2139,5,204,-,benign,-,2018-10-26 03:02:04.857984000,0.009745121002197266,3,10924
1540522924.947934,CEJoxH3YHDX6tGKDRd,192.168.1.132,58584,192.168.1.1,53,udp,dns,0.000498,37,100,SF,-,-,0,Dd,1,65,1,128,-,benign,-,2018-10-26 03:02:04.947933952,0.0899498462677002,3,10924
1540522924.948932,CCW3831vLWWHnpR768,192.168.1.132,55930,192.168.1.1,53,udp,dns,0.000500,37,132,SF,-,-,0,Dd,1,65,1,160,-,benign,-,2018-10-26 03:02:04.948931840,0.0009980201721191406,3,10924
1540522924.949931,CMyMnc3hMHuSndyf7l,192.168.1.132,57075,52.209.221.67,80,tcp,http,0.118432,1847,791,SF,-,-,0,ShADadfF,6,2099,6,1043,-,benign,-,2018-10-26 03:02:04.949931008,0.0009989738464355469,3,10924
1540522940.130301,CfsVBw4Ck8w5UNxUBk,192.168.1.132,34698,192.168.1.1,53,udp,dns,0.056469,34,297,SF,-,-,0,Dd,1,62,1,325,-,benign,-,2018-10-26 03:02:20.130300928,15.180370092391968,3,10940
1540522940.187248,CSrevYRCgCuOIGzh8,192.168.1.132,53674,2.16.60.82,443,tcp,-,0.011491,0,0,SF,-,-,0,ShAFf,5,212,3,144,-,benign,-,2018-10-26 03:02:20.187247872,0.05694699287414551,3,10940
1540523840.194421,CdYm3Z1mg8aMUUU5z8,192.168.1.132,40766,192.168.1.1,53,udp,dns,0.056699,34,297,SF,-,-,0,Dd,1,62,1,325,-,benign,-,2018-10-26 03:17:20.194420992,900.0071730613708,3,11840
1540523840.251867,CbeaqN34EdECULHYvg,192.168.1.132,53675,2.16.60.82,443,tcp,-,0.011493,0,0,SF,-,-,0,ShAFf,5,212,3,144,-,benign,-,2018-10-26 03:17:20.251867136,0.05744600296020508,3,11840
1540524740.258791,CVEJjn3OR25qrS97il,192.168.1.132,37842,192.168.1.1,53,udp,dns,0.107187,34,281,SF,-,-,0,Dd,1,62,1,309,-,benign,-,2018-10-26 03:32:20.258790912,900.0069239139557,3,12740
1540524740.366458,CrFCOL33cceOlEy8Wd,192.168.1.132,56683,2.16.60.139,443,tcp,-,0.011496,0,0,SF,-,-,0,ShAFaf,4,172,3,132,-,benign,-,2018-10-26 03:32:20.366457856,0.1076669692993164,3,12740
1540525380.966072,Crj3ow4W4UtaUW9621,192.168.1.132,36851,216.239.35.8,123,udp,-,0.017227,48,48,SF,-,-,0,Dd,1,76,1,76,-,benign,-,2018-10-26 03:43:00.966072064,640.5996141433716,3,13380
1540525447.047395,CdLMQG37n8g6yYCSQ4,192.168.1.132,33306,216.239.35.0,123,udp,-,0.109935,48,48,SF,-,-,0,Dd,1,76,1,76,-,benign,-,2018-10-26 03:44:07.047395072,66.08132290840149,3,13447
1540525640.373213,Cy6rU91faFHEnt94pg,192.168.1.132,51838,192.168.1.1,53,udp,dns,0.074453,34,297,SF,-,-,0,Dd,1,62,1,325,-,benign,-,2018-10-26 03:47:20.373212928,193.3258180618286,3,13640
1540525640.448162,CDN4VG2nq49dSD5s3f,192.168.1.132,53677,2.16.60.82,443,tcp,-,0.011492,0,0,SF,-,-,0,ShAFf,5,212,3,144,-,benign,-,2018-10-26 03:47:20.448162048,0.07494902610778809,3,13640
1540525669.25801,CpMny5x7i1Fqbe71e,192.168.1.132,55343,216.239.35.4,123,udp,-,0.114181,48,48,SF,-,-,0,Dd,1,76,1,76,-,benign,-,2018-10-26 03:47:49.258009856,28.809847831726074,3,13669
1540526323.472635,Ci4WCu1KQVcxoAU1S6,192.168.1.132,35357,216.239.35.12,123,udp,-,0.270090,48,48,SF,-,-,0,Dd,1,76,1,76,-,benign,-,2018-10-26 03:58:43.472635136,654.214625120163,3,14323
1540526524.791389,Cb77Lu1IMTUzJhVPek,192.168.1.132,59474,192.168.1.1,53,udp,dns,0.060457,37,179,SF,-,-,0,Dd,1,65,1,207,-,benign,-,2018-10-26 04:02:04.791388928,201.3187539577484,4,14524
1540526524.852343,CyqM8Z1PcKeVv3949c,192.168.1.132,60977,192.168.1.1,53,udp,dns,0.004750,37,442,SF,-,-,0,Dd,1,65,1,470,-,benign,-,2018-10-26 04:02:04.852343040,0.06095409393310547,4,14524
1540526524.857591,CAXOio3MteEfxUuDGa,192.168.1.132,60677,52.215.95.120,80,tcp,http,0.093695,1847,1539,SF,-,-,1539,ShADacfgF,7,2139,5,204,-,benign,-,2018-10-26 04:02:04.857591040,0.005247831344604492,4,14524
1540526524.952286,Cfj0VI1pnrwsl5jwF8,192.168.1.132,41153,192.168.1.1,53,udp,dns,0.000501,37,100,SF,-,-,0,Dd,1,65,1,128,-,benign,-,2018-10-26 04:02:04.952285952,0.0946950912475586,4,14524
1540526524.953536,ChQTYv2z6zz9k53zu4,192.168.1.132,47857,192.168.1.1,53,udp,dns,0.000499,37,132,SF,-,-,0,Dd,1,65,1,160,-,benign,-,2018-10-26 04:02:04.953536000,0.0012500286102294922,4,14524
1540526524.954534,C0nEp2xkOzTKITJmb,192.168.1.132,57081,52.209.221.67,80,tcp,http,0.121431,1847,791,SF,-,-,0,ShADadfF,6,2099,6,1035,-,benign,-,2018-10-26 04:02:04.954534144,0.0009980201721191406,4,14524
1540526540.455457,CIMhWC2ovTelOJ0DD5,192.168.1.132,56080,192.168.1.1,53,udp,dns,0.058712,34,281,SF,-,-,0,Dd,1,62,1,309,-,benign,-,2018-10-26 04:02:20.455457024,15.500922918319702,4,14540
1540526540.514416,CHFURY2s6rJMEF0ql7,192.168.1.132,56687,2.16.60.139,443,tcp,-,0.011498,0,0,SF,-,-,0,ShAFaf,4,172,3,132,-,benign,-,2018-10-26 04:02:20.514415872,0.058959007263183594,4,14540
1540527440.521436,C4Da8J2LrNHnKx6ss,192.168.1.132,39476,192.168.1.1,53,udp,dns,0.112178,34,297,SF,-,-,0,Dd,1,62,1,325,-,benign,-,2018-10-26 04:17:20.521435904,900.0070199966431,4,15440
1540527440.634112,CY5qO32G3ikGmHo9D5,192.168.1.132,53681,2.16.60.82,443,tcp,-,0.011492,0,0,SF,-,-,0,ShAFf,5,212,3,144,-,benign,-,2018-10-26 04:17:20.634112000,0.11267590522766113,4,15440
1540528340.641354,CLeGtA3IffqwQ61MKi,192.168.1.132,51743,192.168.1.1,53,udp,dns,0.056214,34,297,SF,-,-,0,Dd,1,62,1,325,-,benign,-,2018-10-26 04:32:20.641353984,900.0072422027588,4,16340
1540528340.698063,C6EbcG3N1bFHpkbY09,192.168.1.132,56689,2.16.60.139,443,tcp,-,0.011251,0,0,SF,-,-,0,ShAFf,5,212,3,144,-,benign,-,2018-10-26 04:32:20.698062848,0.05670881271362305,4,16340
1540529240.705325,CJE4Q4InfJAznK9sh,192.168.1.132,46770,192.168.1.1,53,udp,dns,0.068203,34,297,SF,-,-,0,Dd,1,62,1,325,-,benign,-,2018-10-26 04:47:20.705324800,900.0072619915009,4,17240
1540529240.790016,CPrWLc4yQHoEulu4b4,192.168.1.132,56690,2.16.60.139,443,tcp,-,0.011495,0,0,SF,-,-,0,ShAFf,5,212,3,144,-,benign,-,2018-10-26 04:47:20.790016000,0.08469104766845703,4,17240
1540529486.842023,CJXRdr4KEMi05oWVq6,192.168.1.132,53042,216.239.35.8,123,udp,-,0.016985,48,48,SF,-,-,0,Dd,1,76,1,76,-,benign,-,2018-10-26 04:51:26.842022912,246.05200695991516,4,17486
1540529746.951552,Cgnkv01sBQuIujIKSh,192.168.1.132,40121,216.239.35.0,123,udp,-,0.109428,48,48,SF,-,-,0,Dd,1,76,1,76,-,benign,-,2018-10-26 04:55:46.951552000,260.1095290184021,4,17746
1540529993.160383,Ci2bJ12hYm2yRQdvWe,192.168.1.132,36227,216.239.35.4,123,udp,-,0.114177,48,48,SF,-,-,0,Dd,1,76,1,76,-,benign,-,2018-10-26 04:59:53.160382976,246.20883107185364,4,17993
1540530124.789521,CwsTRGPuhPEIPUY73,192.168.1.132,35128,192.168.1.1,53,udp,dns,0.061951,37,179,SF,-,-,0,Dd,1,65,1,207,-,benign,-,2018-10-26 05:02:04.789520896,131.6291379928589,5,18124
1540530124.851966,CLAo9p3HsQB8mCGqd9,192.168.1.132,33836,192.168.1.1,53,udp,dns,0.007996,37,442,SF,-,-,0,Dd,1,65,1,470,-,benign,-,2018-10-26 05:02:04.851965952,0.06244492530822754,5,18124
1540530124.860461,CaSu6e3GvqIXmlQKZ5,192.168.1.132,57086,52.209.221.67,80,tcp,http,0.092945,1847,1539,SF,-,-,0,ShADadtfF,7,2151,7,1831,-,benign,-,2018-10-26 05:02:04.860461056,0.008495092391967773,5,18124
1540530124.954408,CW2E2O3mvYhvC74bFb,192.168.1.132,54091,192.168.1.1,53,udp,dns,0.000499,37,100,SF,-,-,0,Dd,1,65,1,128,-,benign,-,2018-10-26 05:02:04.954407936,0.09394693374633789,5,18124
1540530124.955407,CQmNIU3klGEIa9d2uh,192.168.1.132,58906,192.168.1.1,53,udp,dns,0.000499,37,132,SF,-,-,0,Dd,1,65,1,160,-,benign,-,2018-10-26 05:02:04.955406848,0.0009989738464355469,5,18124
1540530124.956405,CYptQT1A6Rpa4C0uj1,192.168.1.132,60684,52.215.95.120,80,tcp,http,0.124180,1847,791,SF,-,-,0,ShADadfF,6,2099,6,1043,-,benign,-,2018-10-26 05:02:04.956404992,0.0009980201721191406,5,18124
1540530140.794865,CKIA9e2OKr21RqwU7f,192.168.1.132,40814,192.168.1.1,53,udp,dns,0.111933,34,297,SF,-,-,0,Dd,1,62,1,325,-,benign,-,2018-10-26 05:02:20.794864896,15.838459968566895,5,18140
1540530140.907279,CKiXZd2qgMYM5yMWP,192.168.1.132,53686,2.16.60.82,443,tcp,-,0.011492,0,0,SF,-,-,0,ShAFf,4,172,2,92,-,benign,-,2018-10-26 05:02:20.907279104,0.11241412162780762,5,18140
1540530586.374379,CEJIud2ezq3IyszZm7,192.168.1.132,58696,216.239.35.12,123,udp,-,0.271598,48,48,SF,-,-,0,Dd,1,76,1,76,-,benign,-,2018-10-26 05:09:46.374379008,445.46709990501404,5,18586
1540531040.913578,CwQx5K2eYucrPAnaNe,192.168.1.132,40614,192.168.1.1,53,udp,dns,0.115191,34,281,SF,-,-,0,Dd,1,62,1,309,-,benign,-,2018-10-26 05:17:20.913577984,454.5391991138458,5,19040
1540531041.029249,CPYxQE4uDhjh3JrYj5,192.168.1.132,56694,2.16.60.139,443,tcp,-,0.011245,0,0,SF,-,-,0,ShAFf,5,212,3,144,-,benign,-,2018-10-26 05:17:21.029249024,0.11567091941833496,5,19041
1540531941.036149,Chy6x43VoY0u6fFrQe,192.168.1.132,50406,192.168.1.1,53,udp,dns,0.111689,34,295,SF,-,-,0,Dd,1,62,1,323,-,benign,-,2018-10-26 05:32:21.036148992,900.0069000720978,5,19941
1540531941.148324,C18BxS3t8hfFoEpWx5,192.168.1.132,56695,2.16.60.139,443,tcp,-,0.011494,0,0,SF,-,-,0,ShAFf,4,172,2,92,-,benign,-,2018-10-26 05:32:21.148324096,0.11217498779296875,5,19941
1540532841.156382,Cv5DhHZLKolGdDbN7,192.168.1.132,39480,192.168.1.1,53,udp,dns,0.191896,34,295,SF,-,-,0,Dd,1,62,1,323,-,benign,-,2018-10-26 05:47:21.156382208,900.0080580711365,5,20841
1540532841.348771,CZUOiw214gILW7RzT5,192.168.1.132,56696,2.16.60.139,443,tcp,-,0.011492,0,0,SF,-,-,0,ShAFf,4,172,2,92,-,benign,-,2018-10-26 05:47:21.348771072,0.19238901138305664,5,20841
1540533724.787558,C3k3N11ocmouImW03i,192.168.1.132,50660,192.168.1.1,53,udp,dns,0.047465,37,179,SF,-,-,0,Dd,1,65,1,207,-,benign,-,2018-10-26 06:02:04.787558144,883.43878698349,6,21724
1540533724.83552,C5gtfHIzoOShR8TC1,192.168.1.132,54540,192.168.1.1,53,udp,dns,0.007997,37,442,SF,-,-,0,Dd,1,65,1,470,-,benign,-,2018-10-26 06:02:04.835520000,0.04796195030212402,6,21724
1540533724.844016,CdBvdp3N5rCtQlHHp7,192.168.1.132,57092,52.209.221.67,80,tcp,http,0.089198,1847,1539,SF,-,-,0,ShADadtfF,7,2151,7,1831,-,benign,-,2018-10-26 06:02:04.844016128,0.00849604606628418,6,21724
1540533724.934214,CRJ5B71am48UHvQLMh,192.168.1.132,54729,192.168.1.1,53,udp,dns,0.000500,37,100,SF,-,-,0,Dd,1,65,1,128,-,benign,-,2018-10-26 06:02:04.934214144,0.09019804000854492,6,21724
1540533724.935213,CL6WI93nxzU6f1V79j,192.168.1.132,37127,192.168.1.1,53,udp,dns,0.000500,37,132,SF,-,-,0,Dd,1,65,1,160,-,benign,-,2018-10-26 06:02:04.935213056,0.0009989738464355469,6,21724
1540533724.936213,C5u5H74tTlzFJoXBXf,192.168.1.132,60690,52.215.95.120,80,tcp,http,0.107438,1847,791,SF,-,-,0,ShADadfF,6,2099,6,1043,-,benign,-,2018-10-26 06:02:04.936212992,0.0009999275207519531,6,21724
1540533737.740422,C340n4CgSDsgVPHB2,192.168.1.132,58370,216.239.35.8,123,udp,-,0.016981,48,48,SF,-,-,0,Dd,1,76,1,76,-,benign,-,2018-10-26 06:02:17.740421888,12.804208993911743,6,21737
1540533741.35511,C073Nl2j9jmZ7NtlF6,192.168.1.132,37087,192.168.1.1,53,udp,dns,0.127172,34,281,SF,-,-,0,Dd,1,62,1,309,-,benign,-,2018-10-26 06:02:21.355109888,3.614687919616699,6,21741
1540533741.482778,C6z1H24jpjeU5m7uV4,192.168.1.132,56699,2.16.60.139,443,tcp,-,0.011493,0,0,SF,-,-,0,ShAFf,5,212,3,144,-,benign,-,2018-10-26 06:02:21.482778112,0.12766814231872559,6,21741
1540534000.860206,CW1U97IRyBxkhV6p9,192.168.1.132,35406,216.239.35.0,123,udp,-,0.109680,48,48,SF,-,-,0,Dd,1,76,1,76,-,benign,-,2018-10-26 06:06:40.860205824,259.377427816391,6,22000
1540534244.071841,CjOksb1csBOiKgQQu7,192.168.1.132,59394,216.239.35.4,123,udp,-,0.116689,48,48,SF,-,-,0,Dd,1,76,1,76,-,benign,-,2018-10-26 06:10:44.071841024,243.21163511276245,6,22244
1540534641.494418,CuncTO1ylIliUPMzPk,192.168.1.132,49062,192.168.1.1,53,udp,dns,0.056219,34,297,SF,-,-,0,Dd,1,62,1,325,-,benign,-,2018-10-26 06:17:21.494417920,397.4225769042969,6,22641
1540534641.551133,CYtR1I13Twe6NihjOh,192.168.1.132,53693,2.16.60.82,443,tcp,-,0.011746,0,0,SF,-,-,0,ShAFaf,4,172,3,132,-,benign,-,2018-10-26 06:17:21.551132928,0.05671501159667969,6,22641
1540535330.405409,CnsRp4cX59uAt9Aqb,192.168.1.132,38896,216.239.35.12,123,udp,-,0.269604,48,48,SF,-,-,0,Dd,1,76,1,76,-,benign,-,2018-10-26 06:28:50.405409024,548.1143791675568,6,23330
1540535541.559121,Cbfyvs2BWLKA52QoD8,192.168.1.132,42746,192.168.1.1,53,udp,dns,0.057208,34,297,SF,-,-,0,Dd,1,62,1,325,-,benign,-,2018-10-26 06:32:21.559120896,211.15371179580688,6,23541
1540535541.616828,CkgxegIAGty75XiAb,192.168.1.132,53694,2.16.60.82,443,tcp,-,0.011493,0,0,SF,-,-,0,ShAFf,4,172,2,92,-,benign,-,2018-10-26 06:32:21.616827904,0.05770707130432129,6,23541
1540536441.620445,C9lNRv1Jvsqhltsirl,192.168.1.132,43338,192.168.1.1,53,udp,dns,0.055215,34,297,SF,-,-,0,Dd,1,62,1,325,-,benign,-,2018-10-26 06:47:21.620444928,900.0036170482635,6,24441
1540536441.676156,CLuhyS3JUhWtGOMzC1,192.168.1.132,53695,2.16.60.82,443,tcp,-,0.011243,0,0,SF,-,-,0,ShAFf,4,172,2,92,-,benign,-,2018-10-26 06:47:21.676156160,0.05571103096008301,6,24441
1540537324.789716,CcYNs1I8GZzn94AR9,192.168.1.132,37915,192.168.1.1,53,udp,dns,0.046954,37,179,SF,-,-,0,Dd,1,65,1,207,-,benign,-,2018-10-26 07:02:04.789715968,883.113559961319,7,25324
1540537324.837167,CAwmw42NHjyACZuaY9,192.168.1.132,52445,192.168.1.1,53,udp,dns,0.007997,37,442,SF,-,-,0,Dd,1,65,1,470,-,benign,-,2018-10-26 07:02:04.837167104,0.047451019287109375,7,25324
1540537324.845662,Ck8vbL32XMddHO9yye,192.168.1.132,57098,52.209.221.67,80,tcp,http,0.088699,1847,1539,SF,-,-,0,ShADadtfF,7,2139,7,1823,-,benign,-,2018-10-26 07:02:04.845662208,0.008495092391967773,7,25324
1540537324.935362,CQ2hjv3Q2Q22Jna9Qi,192.168.1.132,52588,192.168.1.1,53,udp,dns,0.000499,37,100,SF,-,-,0,Dd,1,65,1,128,-,benign,-,2018-10-26 07:02:04.935362048,0.08969998359680176,7,25324
1540537324.93636,Cq2NrJBFTOsHhN0v5,192.168.1.132,59235,192.168.1.1,53,udp,dns,0.000501,37,132,SF,-,-,0,Dd,1,65,1,160,-,benign,-,2018-10-26 07:02:04.936359936,0.000997781753540039,7,25324
1540537324.937359,CUzrb327OO4cuCEBW4,192.168.1.132,60696,52.215.95.120,80,tcp,http,0.121930,1847,791,SF,-,-,0,ShADafdtF,7,2151,6,1043,-,benign,-,2018-10-26 07:02:04.937359104,0.0009992122650146484,7,25324
1540537341.682076,C50cLX1JYRvtK3uXDb,192.168.1.132,60501,192.168.1.1,53,udp,dns,0.049705,34,297,SF,-,-,0,Dd,1,62,1,325,-,benign,-,2018-10-26 07:02:21.682075904,16.74471688270569,7,25341
1540537341.732279,CmgM9a4uBMzcwabLK6,192.168.1.132,53698,2.16.60.82,443,tcp,-,0.011494,0,0,SF,-,-,0,ShAFf,5,212,3,144,-,benign,-,2018-10-26 07:02:21.732279040,0.05020308494567871,7,25341
1540537947.772427,CIGZrM3SwNS27sHJkh,192.168.1.132,53198,216.239.35.8,123,udp,-,0.016733,48,48,SF,-,-,0,Dd,1,76,1,76,-,benign,-,2018-10-26 07:12:27.772427008,606.0401480197906,7,25947
1540538186.890152,CRWYvP3hs12WiVE8Ze,192.168.1.132,46611,216.239.35.0,123,udp,-,0.109189,48,48,SF,-,-,0,Dd,1,76,1,76,-,benign,-,2018-10-26 07:16:26.890151936,239.1177248954773,7,26186
1540538241.740278,CmMcOp2bc54wnA1nU3,192.168.1.132,45080,192.168.1.1,53,udp,dns,0.119429,34,297,SF,-,-,0,Dd,1,62,1,325,-,benign,-,2018-10-26 07:17:21.740278016,54.85012602806091,7,26241
1540538241.859939,CgOiot4wWNoQttp4sj,192.168.1.132,53699,2.16.60.82,443,tcp,-,0.011744,0,0,SF,-,-,0,ShAFf,4,172,2,92,-,benign,-,2018-10-26 07:17:21.859939072,0.11966109275817871,7,26241
1540538434.100517,CPIuSN1F9MyKNx0YH9,192.168.1.132,34439,216.239.35.4,123,udp,-,0.114183,48,48,SF,-,-,0,Dd,1,76,1,76,-,benign,-,2018-10-26 07:20:34.100517120,192.24057793617249,7,26434
1540539141.868469,CAw3vpykTQQ65ipSh,192.168.1.132,43036,192.168.1.1,53,udp,dns,0.050204,34,297,SF,-,-,0,Dd,1,62,1,325,-,benign,-,2018-10-26 07:32:21.868468992,707.767951965332,7,27141
1540539141.919169,CGSu5p3zD7iEMPtCW8,192.168.1.132,56707,2.16.60.139,443,tcp,-,0.011496,0,0,SF,-,-,0,ShAFaf,4,172,3,132,-,benign,-,2018-10-26 07:32:21.919169024,0.05069994926452637,7,27141
1540539486.316942,CvqC6ycO5qUo5DfUa,192.168.1.132,34258,216.239.35.12,123,udp,-,0.270340,48,48,SF,-,-,0,Dd,1,76,1,76,-,benign,-,2018-10-26 07:38:06.316942080,344.39777302742004,7,27486
1540540041.925272,C7cx333GnrRyVT149e,192.168.1.132,37562,192.168.1.1,53,udp,dns,0.062708,34,295,SF,-,-,0,Dd,1,62,1,323,-,benign,-,2018-10-26 07:47:21.925272064,555.6083300113678,7,28041
1540540041.988479,CN9OKN8HDETk0ax43,192.168.1.132,56708,2.16.60.139,443,tcp,-,0.011493,0,0,SF,-,-,0,ShAFf,4,172,2,92,-,benign,-,2018-10-26 07:47:21.988478976,0.06320691108703613,7,28041
1540540901.156356,Cu6nEx2UAaJ8EEIVme,192.168.1.132,68,192.168.1.1,67,udp,dhcp,0.000993,300,300,SF,-,-,0,Dd,1,328,1,328,-,benign,-,2018-10-26 08:01:41.156356096,859.1678771972656,8,28901
1540540924.791363,CxTg0a3zoyXyyJ9Xw5,192.168.1.132,58711,192.168.1.1,53,udp,dns,0.068209,37,179,SF,-,-,0,Dd,1,65,1,207,-,benign,-,2018-10-26 08:02:04.791363072,23.63500690460205,8,28924
1540540924.86007,CqCcZG1VBrec8L6wc6,192.168.1.132,53001,192.168.1.1,53,udp,dns,0.007997,37,442,SF,-,-,0,Dd,1,65,1,470,-,benign,-,2018-10-26 08:02:04.860069888,0.06870698928833008,8,28924
1540540924.868566,CqGWpT1AL7WTnfzdj7,192.168.1.132,60701,52.215.95.120,80,tcp,http,0.089446,1847,1539,SF,-,-,0,ShADadtfF,7,2151,7,1831,-,benign,-,2018-10-26 08:02:04.868566016,0.00849604606628418,8,28924
1540540924.959263,CNeBsD4S9C8AAducKh,192.168.1.132,47828,192.168.1.1,53,udp,dns,0.000500,37,100,SF,-,-,0,Dd,1,65,1,128,-,benign,-,2018-10-26 08:02:04.959262976,0.09069705009460449,8,28924
1540540924.960263,C5uuEy3BO1KdeoiLQ4,192.168.1.132,52880,192.168.1.1,53,udp,dns,0.000751,37,132,SF,-,-,0,Dd,1,65,1,160,-,benign,-,2018-10-26 08:02:04.960262912,0.0009999275207519531,8,28924
1540540924.961512,CYAwKw2QjNen7oFxDf,192.168.1.132,57105,52.209.221.67,80,tcp,http,0.103940,1847,791,SF,-,-,0,ShADadfF,6,2099,6,1043,-,benign,-,2018-10-26 08:02:04.961512192,0.001249074935913086,8,28924
1540540925.150156,CRVBov3zQuDt5wTgA3,192.168.1.132,51330,192.168.1.1,53,udp,dns,0.225626,46,209,SF,-,-,0,Dd,1,74,1,237,-,benign,-,2018-10-26 08:02:05.150156032,0.1886439323425293,8,28925
1540540925.376526,CH43Rv2wVW5nbcCs9b,192.168.1.132,47296,192.168.1.1,53,udp,dns,0.004498,46,472,SF,-,-,0,Dd,1,74,1,500,-,benign,-,2018-10-26 08:02:05.376526080,0.22637009620666504,8,28925
1540540925.381522,Cbm9U64H0vRm36Cwne,192.168.1.132,40550,52.51.133.171,80,tcp,http,0.063713,1163,1503,SF,-,-,0,ShADadtfF,6,1427,6,1755,-,benign,-,2018-10-26 08:02:05.381521920,0.004995822906494141,8,28925
1540540925.446236,CoxWwv4kltZlk5oy7f,192.168.1.132,59967,192.168.1.1,53,udp,dns,0.000499,46,141,SF,-,-,0,Dd,1,74,1,169,-,benign,-,2018-10-26 08:02:05.446235904,0.06471395492553711,8,28925
1540540925.447234,Ce3RsfOdTf1mZW96,192.168.1.132,38286,192.168.1.1,53,udp,dns,0.000501,46,173,SF,-,-,0,Dd,1,74,1,201,-,benign,-,2018-10-26 08:02:05.447233792,0.0009980201721191406,8,28925
1540540925.448234,CnLHQd2NrE3dd5Zmzg,192.168.1.132,49245,52.212.88.21,80,tcp,http,0.207133,2902,5263,SF,-,-,4006,ShADacgdFf,10,3314,4,1429,-,benign,-,2018-10-26 08:02:05.448233984,0.0010001659393310547,8,28925
1540540925.629881,C4GOVo4qS2LOoj8Rj9,192.168.1.132,59005,192.168.1.1,53,udp,dns,0.000749,46,141,SF,-,-,0,Dd,1,74,1,169,-,benign,-,2018-10-26 08:02:05.629880832,0.18164682388305664,8,28925
1540540925.63138,CmRu3UKAaavidc2el,192.168.1.132,51156,192.168.1.1,53,udp,dns,0.000500,46,173,SF,-,-,0,Dd,1,74,1,201,-,benign,-,2018-10-26 08:02:05.631379968,0.001499176025390625,8,28925
1540540925.632379,C5uvie3zcM1Tafgm09,192.168.1.132,40552,52.51.133.171,80,tcp,http,0.072708,1162,775,SF,-,-,0,ShADadfF,5,1374,5,987,-,benign,-,2018-10-26 08:02:05.632379136,0.0009989738464355469,8,28925
1540540927.470592,CYrObG1Xo2nTbxNlNb,192.168.1.132,53836,192.168.1.1,53,udp,dns,0.132915,41,124,SF,-,-,0,Dd,1,69,1,152,-,benign,-,2018-10-26 08:02:07.470592000,1.8382129669189453,8,28927
1540540927.604004,CzQvjs3UIbip5hJKch,192.168.1.132,60889,130.211.67.12,80,tcp,http,0.234116,1595,177,SF,-,-,0,ShADadfF,7,1887,7,469,-,benign,-,2018-10-26 08:02:07.604003840,0.13341188430786133,8,28927
1540540932.681867,Co0wAO1yP0NC8xzt5c,192.168.1.132,48529,192.168.1.1,53,udp,dns,0.000740,37,100,SF,-,-,0,Dd,1,65,1,128,-,benign,-,2018-10-26 08:02:12.681867008,5.077862977981567,8,28932
1540540932.683106,CATRbh1GXu5BFmJ1we,192.168.1.132,59075,192.168.1.1,53,udp,dns,0.000499,37,132,SF,-,-,0,Dd,1,65,1,160,-,benign,-,2018-10-26 08:02:12.683106048,0.0012390613555908203,8,28932
1540540932.684106,CzbTq633kbgFwtvsVd,192.168.1.132,60707,52.215.95.120,80,tcp,http,0.106189,4038,791,SF,-,-,2920,ShADCaGdfF,6,1370,8,1115,-,benign,-,2018-10-26 08:02:12.684105984,0.0010001659393310547,8,28932
1540540941.994056,CzXRSj27ipsbqgq6O,192.168.1.132,58072,192.168.1.1,53,udp,dns,0.052210,34,297,SF,-,-,0,Dd,1,62,1,325,-,benign,-,2018-10-26 08:02:21.994055936,9.30994987487793,8,28941
1540540942.046763,CHErzl3YuqPEY5Hrrg,192.168.1.132,53709,2.16.60.82,443,tcp,-,0.011494,0,0,SF,-,-,0,ShAFf,4,172,2,92,-,benign,-,2018-10-26 08:02:22.046763008,0.05270695686340332,8,28942
1540541842.053713,Cm0ZP01QrF1ntRb41b,192.168.1.132,35460,192.168.1.1,53,udp,dns,0.055962,34,311,SF,-,-,0,Dd,1,62,1,339,-,benign,-,2018-10-26 08:17:22.053713152,900.0069501399994,8,29842
1540541842.110424,Co9vQIyybagkWcNja,192.168.1.132,53710,2.16.60.82,443,tcp,-,0.011245,0,0,SF,-,-,0,ShAFf,5,212,3,144,-,benign,-,2018-10-26 08:17:22.110424064,0.05671095848083496,8,29842
1540542161.681867,CbKPdL1kRUBBuLNN0a,192.168.1.132,38690,216.239.35.8,123,udp,-,0.016733,48,48,SF,-,-,0,Dd,1,76,1,76,-,benign,-,2018-10-26 08:22:41.681867008,319.5714428424835,8,30161
1540542368.794207,CImpu1u3qJS5HVQmj,192.168.1.132,50730,216.239.35.0,123,udp,-,0.109684,48,48,SF,-,-,0,Dd,1,76,1,76,-,benign,-,2018-10-26 08:26:08.794206976,207.1123402118683,8,30368
1540542681.003131,CW1wmv2r0Loxh6YGp7,192.168.1.132,43393,216.239.35.4,123,udp,-,0.114429,48,48,SF,-,-,0,Dd,1,76,1,76,-,benign,-,2018-10-26 08:31:21.003130880,312.2089238166809,8,30681
1540542742.116778,CJsyKa1XL2Ux5nODwb,192.168.1.132,47688,192.168.1.1,53,udp,dns,0.053468,34,311,SF,-,-,0,Dd,1,62,1,339,-,benign,-,2018-10-26 08:32:22.116777984,61.11364698410034,8,30742
1540542742.170738,CAod5OQxw1MbEoy46,192.168.1.132,53711,2.16.60.82,443,tcp,-,0.011493,0,0,SF,-,-,0,ShAFf,4,172,2,92,-,benign,-,2018-10-26 08:32:22.170737920,0.05396008491516113,8,30742
1540543642.177247,CzaaXL3JrVd6fuSvgk,192.168.1.132,34302,192.168.1.1,53,udp,dns,0.048213,34,311,SF,-,-,0,Dd,1,62,1,339,-,benign,-,2018-10-26 08:47:22.177246976,900.006509065628,8,31642
1540543642.225958,CFUj8H2RXyrxhjL818,192.168.1.132,56719,2.16.60.139,443,tcp,-,0.011245,0,0,SF,-,-,0,ShAFf,4,172,2,92,-,benign,-,2018-10-26 08:47:22.225958144,0.04871106147766113,8,31642
1540543748.218782,CTKZLA38mRsd14hlZj,192.168.1.132,39011,216.239.35.12,123,udp,-,0.269581,48,48,SF,-,-,0,Dd,1,76,1,76,-,benign,-,2018-10-26 08:49:08.218781952,105.99282383918762,8,31748
1540544524.790241,CDDopibtVomXeeQWl,192.168.1.132,52423,192.168.1.1,53,udp,dns,0.199885,37,179,SF,-,-,0,Dd,1,65,1,207,-,benign,-,2018-10-26 09:02:04.790241024,776.5714590549469,9,32524
1540544524.990606,C1vR222nevyC4BI7c,192.168.1.132,37599,192.168.1.1,53,udp,dns,0.003998,37,442,SF,-,-,0,Dd,1,65,1,470,-,benign,-,2018-10-26 09:02:04.990606080,0.2003650665283203,9,32524
1540544524.995102,Cuff7D4gDB3vXu5zJ7,192.168.1.132,57115,52.209.221.67,80,tcp,http,0.094196,1846,1539,SF,-,-,1539,ShADacfgF,7,2138,5,204,-,benign,-,2018-10-26 09:02:04.995101952,0.004495859146118164,9,32524
1540544525.090549,CIphCQ1uw8BJy3ZUu3,192.168.1.132,43998,192.168.1.1,53,udp,dns,0.000498,37,100,SF,-,-,0,Dd,1,65,1,128,-,benign,-,2018-10-26 09:02:05.090548992,0.09544706344604492,9,32525
1540544525.091546,CHrdNgyBBZeYtls7,192.168.1.132,52105,192.168.1.1,53,udp,dns,0.000750,37,132,SF,-,-,0,Dd,1,65,1,160,-,benign,-,2018-10-26 09:02:05.091546112,0.0009970664978027344,9,32525
1540544525.092547,C6qJIb1kVhPyNVKaOd,192.168.1.132,60713,52.215.95.120,80,tcp,http,0.121679,1846,791,SF,-,-,0,ShADadfF,6,2098,6,1035,-,benign,-,2018-10-26 09:02:05.092546816,0.0010008811950683594,9,32525
1540544542.23355,CeAe2H1FHNkEh4X4Ff,192.168.1.132,35913,192.168.1.1,53,udp,dns,0.206879,34,297,SF,-,-,0,Dd,1,62,1,325,-,benign,-,2018-10-26 09:02:22.233550080,17.141003131866455,9,32542
1540544542.440912,CBBXNf1LJuI7PKeIZd,192.168.1.132,56722,2.16.60.139,443,tcp,-,0.011490,0,0,SF,-,-,0,ShAFf,5,212,3,144,-,benign,-,2018-10-26 09:02:22.440912128,0.20736193656921387,9,32542
1540545442.448613,CDXZmf1t6N3mHMHyn1,192.168.1.132,49907,192.168.1.1,53,udp,dns,0.058472,34,297,SF,-,-,0,Dd,1,62,1,325,-,benign,-,2018-10-26 09:17:22.448612864,900.007700920105,9,33442
1540545442.507565,CwGiKzs2HcuwRZjol,192.168.1.132,56723,2.16.60.139,443,tcp,-,0.011243,0,0,SF,-,-,0,ShAFf,4,172,2,92,-,benign,-,2018-10-26 09:17:22.507565056,0.05895209312438965,9,33442
1540545545.842406,CSwMpG1OqK14Nvwaa1,192.168.1.132,38807,192.168.1.1,53,udp,dns,0.108433,41,116,SF,-,-,0,Dd,1,69,1,144,-,benign,-,2018-10-26 09:19:05.842406144,103.33484101295471,9,33545
1540545545.951584,CJK02KPCreq0L5UQ,192.168.1.132,44527,192.168.1.1,53,udp,dns,0.110190,41,124,SF,-,-,0,Dd,1,69,1,152,-,benign,-,2018-10-26 09:19:05.951584000,0.10917806625366211,9,33545
1540545546.062271,CDVcih4IdsyCRO0e0g,192.168.1.132,60899,130.211.67.12,80,tcp,http,1.170584,860,182,SF,-,-,0,ShADadFf,7,1164,4,354,-,benign,-,2018-10-26 09:19:06.062271232,0.1106870174407959,9,33546
1540545547.217115,C8OcnA3bWVLSt5dQbf,192.168.1.132,42057,192.168.1.1,53,udp,dns,0.000498,41,41,SF,-,-,0,Dd,1,69,1,69,-,benign,-,2018-10-26 09:19:07.217114880,1.154843807220459,9,33547
1540545547.218112,ClCyKu4VXQQSSobi8,192.168.1.132,58987,192.168.1.1,53,udp,dns,0.000500,41,57,SF,-,-,0,Dd,1,69,1,85,-,benign,-,2018-10-26 09:19:07.218112000,0.0009970664978027344,9,33547
1540545547.219111,CTFUS34mv0hiX64tAd,192.168.1.132,60900,130.211.67.12,80,tcp,http,0.155662,8823,182,SF,-,-,7363,ShADCaGdFf,6,1712,10,594,-,benign,-,2018-10-26 09:19:07.219110912,0.0009989738464355469,9,33547
1540545547.358783,CBkecA1Pj5ZgxAIAMi,192.168.1.132,39542,192.168.1.1,53,udp,dns,0.000499,41,41,SF,-,-,0,Dd,1,69,1,69,-,benign,-,2018-10-26 09:19:07.358782976,0.13967204093933105,9,33547
1540545547.360032,CAPFKeshG8EgbN8,192.168.1.132,44238,192.168.1.1,53,udp,dns,0.000499,41,57,SF,-,-,0,Dd,1,69,1,85,-,benign,-,2018-10-26 09:19:07.360032000,0.001249074935913086,9,33547
1540545547.36128,CHLKig4WlcQKVwSpU2,192.168.1.132,60901,130.211.67.12,80,tcp,http,0.165407,2553,182,SF,-,-,0,ShADadFf,8,3978,5,406,-,benign,-,2018-10-26 09:19:07.361280000,0.0012478828430175781,9,33547
1540545547.511195,CJAuEI2q6uXpb8dyVf,192.168.1.132,35692,192.168.1.1,53,udp,dns,0.000500,41,41,SF,-,-,0,Dd,1,69,1,69,-,benign,-,2018-10-26 09:19:07.511194880,0.14991497993469238,9,33547
1540545547.512195,CKjPF8kTl9dj2Djmk,192.168.1.132,55713,192.168.1.1,53,udp,dns,0.000500,41,57,SF,-,-,0,Dd,1,69,1,85,-,benign,-,2018-10-26 09:19:07.512195072,0.0010001659393310547,9,33547
1540545547.513193,C6t5I434aMQh46qNHh,192.168.1.132,60902,130.211.67.12,80,tcp,http,125.214360,910,182,RSTR,-,-,0,ShADadfr,7,1202,6,434,-,benign,-,2018-10-26 09:19:07.513192960,0.000997781753540039,9,33547
1540546342.514567,CLmNqS1wVzSMQE0Ci6,192.168.1.132,38092,192.168.1.1,53,udp,dns,0.058485,34,311,SF,-,-,0,Dd,1,62,1,339,-,benign,-,2018-10-26 09:32:22.514566912,795.0013740062714,9,34342
1540546342.573531,CXE9W73ARSXvekc7zl,192.168.1.132,53721,2.16.60.82,443,tcp,-,0.011492,0,0,SF,-,-,0,ShAFf,4,172,2,92,-,benign,-,2018-10-26 09:32:22.573530880,0.05896401405334473,9,34342
1540546435.585552,CRBVbs1mwnvbI8ZHjg,192.168.1.132,58805,216.239.35.8,123,udp,-,0.016969,48,48,SF,-,-,0,Dd,1,76,1,76,-,benign,-,2018-10-26 09:33:55.585551872,93.0120210647583,9,34435
1540546651.702119,C7eJcB3DaLYw7Knw09,192.168.1.132,55520,216.239.35.0,123,udp,-,0.109427,48,48,SF,-,-,0,Dd,1,76,1,76,-,benign,-,2018-10-26 09:37:31.702119168,216.11656713485718,9,34651
1540546960.912617,CDjRbg4l3sbCPrEpmh,192.168.1.132,35983,216.239.35.4,123,udp,-,0.116680,48,48,SF,-,-,0,Dd,1,76,1,76,-,benign,-,2018-10-26 09:42:40.912616960,309.21049785614014,9,34960
1540547242.5803,ChD10Y1fVGrFvMpD6g,192.168.1.132,43799,192.168.1.1,53,udp,dns,0.066709,34,297,SF,-,-,0,Dd,1,62,1,325,-,benign,-,2018-10-26 09:47:22.580300032,281.66768312454224,9,35242
1540547242.647507,CaITg437HfJAXTXZ44,192.168.1.132,53722,2.16.60.82,443,tcp,-,0.011493,0,0,SF,-,-,0,ShAFf,4,172,2,92,-,benign,-,2018-10-26 09:47:22.647506944,0.06720685958862305,9,35242
1540547904.130404,Caxyou4MZpRXfDBG8h,192.168.1.132,51285,216.239.35.12,123,udp,-,0.270107,48,48,SF,-,-,0,Dd,1,76,1,76,-,benign,-,2018-10-26 09:58:24.130404096,661.4828970432281,9,35904
